,us10y,us2y,dxy,cpi_yoy,nonfarm_surprise,fedfunds,demand_proxy,fed_expectation,gpr_index
2023-09-04,,,,3.687206638119256,-45.70116213000815,5.33,-0.2672476942852109,,
2023-09-05,4.27,4.94,121.4345,3.687206638119256,-45.70116213000815,5.33,-0.2672476942852109,,
2023-09-06,4.3,5.01,121.8671,3.687206638119256,-45.70116213000815,5.33,-0.2672476942852109,,
2023-09-07,4.27,4.94,121.9528,3.687206638119256,-45.70116213000815,5.33,-0.2672476942852109,,
2023-09-08,4.26,4.98,121.9475,3.687206638119256,-45.70116213000815,5.33,-0.2672476942852109,,
2023-09-11,4.29,4.97,121.3386,3.687206638119256,-45.70116213000815,5.33,-0.2672476942852109,,
2023-09-12,4.27,4.98,121.2913,3.687206638119256,-45.70116213000815,5.33,-0.2672476942852109,,
2023-09-13,4.25,4.96,121.0549,3.687206638119256,-45.70116213000815,5.33,-0.2672476942852109,,
2023-09-14,4.29,5.0,121.2395,3.687206638119256,-45.70116213000815,5.33,-0.2672476942852109,,
2023-09-15,4.33,5.02,121.199,3.687206638119256,-45.70116213000815,5.33,-0.2672476942852109,,
2023-09-18,4.32,5.05,121.1938,3.687206638119256,-45.70116213000815,5.33,-0.2672476942852109,,
2023-09-19,4.37,5.08,121.1645,3.687206638119256,-45.70116213000815,5.33,-0.2672476942852109,,
2023-09-20,4.35,5.12,120.9648,3.687206638119256,-45.70116213000815,5.33,-0.2672476942852109,,
2023-09-21,4.49,5.12,121.5528,3.687206638119256,-45.70116213000815,5.33,-0.2672476942852109,,
2023-09-22,4.44,5.1,121.5306,3.687206638119256,-45.70116213000815,5.33,-0.2672476942852109,,
2023-09-25,4.55,5.09,122.1143,3.687206638119256,-45.70116213000815,5.33,-0.2672476942852109,,
2023-09-26,4.56,5.04,122.4742,3.687206638119256,-45.70116213000815,5.33,-0.2672476942852109,,
2023-09-27,4.61,5.1,122.9895,3.687206638119256,-45.70116213000815,5.33,-0.2672476942852109,,
2023-09-28,4.59,5.04,122.5342,3.687206638119256,-45.70116213000815,5.33,-0.2672476942852109,,
2023-09-29,4.59,5.03,122.3077,3.687206638119256,-45.70116213000815,5.33,-0.2672476942852109,,
2023-10-02,4.69,5.12,123.0545,3.2512659098611785,-36.41290256378324,5.33,-0.7742988102069082,,
2023-10-03,4.81,5.15,123.7848,3.2512659098611785,-36.41290256378324,5.33,-0.7742988102069082,-1.0,
2023-10-04,4.73,5.05,123.5946,3.2512659098611785,-36.41290256378324,5.33,-0.7742988102069082,-0.3156730923174557,
2023-10-05,4.72,5.03,123.8993,3.2512659098611785,-36.41290256378324,5.33,-0.7742988102069082,-0.7265284591092983,
2023-10-06,4.78,5.08,123.3563,3.2512659098611785,-36.41290256378324,5.33,-0.7742988102069082,-0.817999603566661,
2023-10-09,,,,3.2512659098611785,-36.41290256378324,5.33,-0.7742988102069082,,
2023-10-10,4.66,4.96,122.9282,3.2512659098611785,-36.41290256378324,5.33,-0.7742988102069082,0.16122043639400596,
2023-10-11,4.58,4.99,122.7697,3.2512659098611785,-36.41290256378324,5.33,-0.7742988102069082,-0.24386090572503172,
2023-10-12,4.7,5.06,123.2101,3.2512659098611785,-36.41290256378324,5.33,-0.7742988102069082,-0.4959928203242972,
2023-10-13,4.63,5.04,123.5954,3.2512659098611785,-36.41290256378324,5.33,-0.7742988102069082,-0.16847464393926215,
2023-10-16,4.71,5.09,123.3185,3.2512659098611785,-36.41290256378324,5.33,-0.7742988102069082,-0.338431057659444,
2023-10-17,4.83,5.19,123.1202,3.2512659098611785,-36.41290256378324,5.33,-0.7742988102069082,-0.8559494290712292,
2023-10-18,4.91,5.19,123.8148,3.2512659098611785,-36.41290256378324,5.33,-0.7742988102069082,-0.5118524366797181,
2023-10-19,4.98,5.14,123.798,3.2512659098611785,-36.41290256378324,5.33,-0.7742988102069082,-0.14458677642993736,
2023-10-20,4.93,5.07,123.612,3.2512659098611785,-36.41290256378324,5.33,-0.7742988102069082,0.22011416287509328,
2023-10-23,4.86,5.05,123.2846,3.2512659098611785,-36.41290256378324,5.33,-0.7742988102069082,0.2980302656868212,
2023-10-24,4.83,5.02,123.6416,3.2512659098611785,-36.41290256378324,5.33,-0.7742988102069082,0.15074127827803518,
2023-10-25,4.95,5.08,123.7871,3.2512659098611785,-36.41290256378324,5.33,-0.7742988102069082,0.15253799092789092,
2023-10-26,4.86,5.02,124.0064,3.2512659098611785,-36.41290256378324,5.33,-0.7742988102069082,0.15418488499648317,
2023-10-27,4.84,4.99,123.62,3.2512659098611785,-36.41290256378324,5.33,-0.7742988102069082,0.3089076354581497,
2023-10-30,4.88,5.03,123.4076,3.2512659098611785,-36.41290256378324,5.33,-0.7742988102069082,0.7035117306732904,
2023-10-31,4.88,5.07,123.8364,3.2512659098611785,-36.41290256378324,5.33,-0.7742988102069082,0.6326634123393825,
2023-11-01,4.77,4.95,123.7922,3.1333462745911866,-46.99657662906672,5.33,-0.09043615385835313,0.7770758951935878,156.69613647460938
2023-11-02,4.67,4.98,122.8818,3.1333462745911866,-46.99657662906672,5.33,-0.09043615385835313,0.3882138131388565,
2023-11-03,4.57,4.83,121.7564,3.1333462745911866,-46.99657662906672,5.33,-0.09043615385835313,1.0,
2023-11-06,4.67,4.93,121.6484,3.1333462745911866,-46.99657662906672,5.33,-0.09043615385835313,,
2023-11-07,4.58,4.91,122.0777,3.1333462745911866,-46.99657662906672,5.33,-0.09043615385835313,0.33604623141050405,
2023-11-08,4.49,4.93,122.0926,3.1333462745911866,-46.99657662906672,5.33,-0.09043615385835313,0.39901684117924585,
2023-11-09,4.62,5.03,122.1281,3.1333462745911866,-46.99657662906672,5.33,-0.09043615385835313,0.20170940610161806,
2023-11-10,4.61,5.04,,3.1333462745911866,-46.99657662906672,5.33,-0.09043615385835313,-0.0,
2023-11-13,4.63,5.02,122.4264,3.1333462745911866,-46.99657662906672,5.33,-0.09043615385835313,0.48057310641032597,
2023-11-14,4.44,4.8,121.35,3.1333462745911866,-46.99657662906672,5.33,-0.09043615385835313,1.0,
2023-11-15,4.53,4.9,121.0749,3.1333462745911866,-46.99657662906672,5.33,-0.09043615385835313,1.0,
2023-11-16,4.45,4.83,121.1754,3.1333462745911866,-46.99657662906672,5.33,-0.09043615385835313,1.0,
2023-11-17,4.44,4.88,120.8477,3.1333462745911866,-46.99657662906672,5.33,-0.09043615385835313,1.0,
2023-11-20,4.42,4.89,120.2533,3.1333462745911866,-46.99657662906672,5.33,-0.09043615385835313,0.9236851275081738,
2023-11-21,4.41,4.86,120.2241,3.1333462745911866,-46.99657662906672,5.33,-0.09043615385835313,0.9052629953616337,
2023-11-22,4.42,4.89,120.6802,3.1333462745911866,-46.99657662906672,5.33,-0.09043615385835313,1.0,
2023-11-23,,,,3.1333462745911866,-46.99657662906672,5.33,-0.09043615385835313,,
2023-11-24,4.47,4.92,120.2105,3.1333462745911866,-46.99657662906672,5.33,-0.09043615385835313,0.3925853748529695,
2023-11-27,4.39,4.84,120.173,3.1333462745911866,-46.99657662906672,5.33,-0.09043615385835313,1.0,
2023-11-28,4.34,4.73,119.5904,3.1333462745911866,-46.99657662906672,5.33,-0.09043615385835313,1.0,
2023-11-29,4.27,4.64,119.8159,3.1333462745911866,-46.99657662906672,5.33,-0.09043615385835313,1.0,
2023-11-30,4.37,4.73,120.2434,3.1333462745911866,-46.99657662906672,5.33,-0.09043615385835313,1.0,
2023-12-01,4.22,4.56,119.9424,3.3159099427102934,-34.86656827546008,5.33,0.8386591076755323,1.0,142.2794647216797
2023-12-04,4.28,4.64,120.4727,3.3159099427102934,-34.86656827546008,5.33,0.8386591076755323,1.0,
2023-12-05,4.18,4.57,120.7913,3.3159099427102934,-34.86656827546008,5.33,0.8386591076755323,1.0,
2023-12-06,4.12,4.6,120.5334,3.3159099427102934,-34.86656827546008,5.33,0.8386591076755323,1.0,
2023-12-07,4.14,4.58,120.6013,3.3159099427102934,-34.86656827546008,5.33,0.8386591076755323,1.0,
2023-12-08,4.23,4.71,120.7607,3.3159099427102934,-34.86656827546008,5.33,0.8386591076755323,1.0,
2023-12-11,4.23,4.71,120.9279,3.3159099427102934,-34.86656827546008,5.33,0.8386591076755323,0.9251036956393284,
2023-12-12,4.2,4.73,120.6817,3.3159099427102934,-34.86656827546008,5.33,0.8386591076755323,0.20704815363199827,
2023-12-13,4.04,4.46,121.1571,3.3159099427102934,-34.86656827546008,5.33,0.8386591076755323,1.0,
2023-12-14,3.92,4.37,119.5683,3.3159099427102934,-34.86656827546008,5.33,0.8386591076755323,1.0,
2023-12-15,3.91,4.44,119.7382,3.3159099427102934,-34.86656827546008,5.33,0.8386591076755323,1.0,
2023-12-18,3.95,4.43,119.9102,3.3159099427102934,-34.86656827546008,5.33,0.8386591076755323,1.0,
2023-12-19,3.93,4.41,119.4632,3.3159099427102934,-34.86656827546008,5.33,0.8386591076755323,1.0,
2023-12-20,3.86,4.34,119.5435,3.3159099427102934,-34.86656827546008,5.33,0.8386591076755323,1.0,
2023-12-21,3.89,4.33,119.3168,3.3159099427102934,-34.86656827546008,5.33,0.8386591076755323,,
2023-12-22,3.9,4.31,119.0625,3.3159099427102934,-34.86656827546008,5.33,0.8386591076755323,1.0,
2023-12-25,,,,3.3159099427102934,-34.86656827546008,5.33,0.8386591076755323,,
2023-12-26,3.89,4.26,118.8875,3.3159099427102934,-34.86656827546008,5.33,0.8386591076755323,0.9276217679495585,
2023-12-27,3.79,4.2,118.4729,3.3159099427102934,-34.86656827546008,5.33,0.8386591076755323,0.8310462748539993,
2023-12-28,3.84,4.26,118.4104,3.3159099427102934,-34.86656827546008,5.33,0.8386591076755323,0.8610602894609144,
2023-12-29,3.88,4.23,118.4208,3.3159099427102934,-34.86656827546008,5.33,0.8386591076755323,0.5884888339154251,
2024-01-01,,,,3.0883429864855705,-12.07729779415208,5.33,-1.2762549126908995,,160.3736572265625
2024-01-02,3.95,4.33,119.2686,3.0883429864855705,-12.07729779415208,5.33,-1.2762549126908995,0.4200722521925692,
2024-01-03,3.91,4.33,119.6958,3.0883429864855705,-12.07729779415208,5.33,-1.2762549126908995,0.465465053415633,
2024-01-04,3.99,4.38,119.6208,3.0883429864855705,-12.07729779415208,5.33,-1.2762549126908995,0.3430643179270147,
2024-01-05,4.05,4.4,119.388,3.0883429864855705,-12.07729779415208,5.33,-1.2762549126908995,0.5300886210126131,
2024-01-08,4.01,4.36,119.2506,3.0883429864855705,-12.07729779415208,5.33,-1.2762549126908995,0.597911680838107,
2024-01-09,4.02,4.36,119.6666,3.0883429864855705,-12.07729779415208,5.33,-1.2762549126908995,0.6384468573949912,
2024-01-10,4.04,4.37,119.7614,3.0883429864855705,-12.07729779415208,5.33,-1.2762549126908995,0.15742179184375435,
2024-01-11,3.98,4.26,119.8916,3.0883429864855705,-12.07729779415208,5.33,-1.2762549126908995,0.1928408174576429,
2024-01-12,3.96,4.14,119.534,3.0883429864855705,-12.07729779415208,5.33,-1.2762549126908995,0.5188418470917245,
2024-01-15,,,,3.0883429864855705,-12.07729779415208,5.33,-1.2762549126908995,,
2024-01-16,4.07,4.22,120.5759,3.0883429864855705,-12.07729779415208,5.33,-1.2762549126908995,0.3293034493321157,
2024-01-17,4.1,4.34,121.0402,3.0883429864855705,-12.07729779415208,5.33,-1.2762549126908995,-0.0,
2024-01-18,4.14,4.34,120.8895,3.0883429864855705,-12.07729779415208,5.33,-1.2762549126908995,-0.017693765683045832,
2024-01-19,4.15,4.39,120.6442,3.0883429864855705,-12.07729779415208,5.33,-1.2762549126908995,-0.14307657250855313,
2024-01-22,4.11,4.37,120.6178,3.0883429864855705,-12.07729779415208,5.33,-1.2762549126908995,,
2024-01-23,4.14,4.31,121.1001,3.0883429864855705,-12.07729779415208,5.33,-1.2762549126908995,-0.09254349654618471,
2024-01-24,4.18,4.34,120.4916,3.0883429864855705,-12.07729779415208,5.33,-1.2762549126908995,-0.2618760245169045,
2024-01-25,4.14,4.28,120.8311,3.0883429864855705,-12.07729779415208,5.33,-1.2762549126908995,-0.0378553832322388,
2024-01-26,4.15,4.34,120.6173,3.0883429864855705,-12.07729779415208,5.33,-1.2762549126908995,-0.20903788123218217,
2024-01-29,4.08,4.29,120.8538,3.0883429864855705,-12.07729779415208,5.33,-1.2762549126908995,,
2024-01-30,4.06,4.36,120.6025,3.0883429864855705,-12.07729779415208,5.33,-1.2762549126908995,-0.05854389674236369,
2024-01-31,3.99,4.27,120.4331,3.0883429864855705,-12.07729779415208,5.33,-1.2762549126908995,0.11878661357081004,
2024-02-01,3.87,4.2,120.3335,3.157074141648697,26.51123269846889,5.33,-0.3543266402759926,0.3656463423204766,146.59817504882812
2024-02-02,4.03,4.36,120.902,3.157074141648697,26.51123269846889,5.33,-0.3543266402759926,0.08487325467564223,
2024-02-05,4.17,4.46,121.349,3.157074141648697,26.51123269846889,5.33,-0.3543266402759926,-0.22288323985951214,
2024-02-06,4.09,4.39,120.9588,3.157074141648697,26.51123269846889,5.33,-0.3543266402759926,-0.06807777529693433,
2024-02-07,4.09,4.41,120.9049,3.157074141648697,26.51123269846889,5.33,-0.3543266402759926,-0.09405968968882829,
2024-02-08,4.15,4.46,121.0798,3.157074141648697,26.51123269846889,5.33,-0.3543266402759926,-0.48379782857257647,
2024-02-09,4.17,4.48,121.039,3.157074141648697,26.51123269846889,5.33,-0.3543266402759926,-0.8561725153854772,
2024-02-12,4.17,4.46,120.9378,3.157074141648697,26.51123269846889,5.33,-0.3543266402759926,,
2024-02-13,4.31,4.64,121.5202,3.157074141648697,26.51123269846889,5.33,-0.3543266402759926,-1.0,
2024-02-14,4.27,4.56,121.4002,3.157074141648697,26.51123269846889,5.33,-0.3543266402759926,-0.6363316331061901,
2024-02-15,4.24,4.56,121.2121,3.157074141648697,26.51123269846889,5.33,-0.3543266402759926,-0.6389759708130892,
2024-02-16,4.3,4.64,121.1505,3.157074141648697,26.51123269846889,5.33,-0.3543266402759926,-0.7729155176054634,
2024-02-19,,,,3.157074141648697,26.51123269846889,5.33,-0.3543266402759926,,
2024-02-20,4.27,4.59,121.0199,3.157074141648697,26.51123269846889,5.33,-0.3543266402759926,-0.9376267508942263,
2024-02-21,4.32,4.64,121.0379,3.157074141648697,26.51123269846889,5.33,-0.3543266402759926,-1.0,
2024-02-22,4.33,4.69,121.102,3.157074141648697,26.51123269846889,5.33,-0.3543266402759926,-1.0,
2024-02-23,4.26,4.67,121.0369,3.157074141648697,26.51123269846889,5.33,-0.3543266402759926,-1.0,
2024-02-26,4.28,4.69,121.0592,3.157074141648697,26.51123269846889,5.33,-0.3543266402759926,-1.0,
2024-02-27,4.31,4.7,120.9647,3.157074141648697,26.51123269846889,5.33,-0.3543266402759926,-1.0,
2024-02-28,4.27,4.64,121.128,3.157074141648697,26.51123269846889,5.33,-0.3543266402759926,-1.0,
2024-02-29,4.25,4.64,121.1824,3.157074141648697,26.51123269846889,5.33,-0.3543266402759926,-1.0,
2024-03-01,4.19,4.54,121.0111,3.4868349120836584,44.64338232932924,5.33,-0.557312624665296,-0.5865412386420084,133.21316528320312
2024-03-04,4.22,4.61,120.872,3.4868349120836584,44.64338232932924,5.33,-0.557312624665296,-0.4980247537649073,
2024-03-05,4.13,4.54,120.8846,3.4868349120836584,44.64338232932924,5.33,-0.557312624665296,-0.5152350912802801,
2024-03-06,4.11,4.55,120.4649,3.4868349120836584,44.64338232932924,5.33,-0.557312624665296,-0.4777048926737769,
2024-03-07,4.09,4.5,120.1909,3.4868349120836584,44.64338232932924,5.33,-0.557312624665296,-0.13626897833395896,
2024-03-08,4.09,4.48,119.975,3.4868349120836584,44.64338232932924,5.33,-0.557312624665296,-0.0,
2024-03-11,4.1,4.51,120.0394,3.4868349120836584,44.64338232932924,5.33,-0.557312624665296,-0.16958233968973013,
2024-03-12,4.16,4.58,120.1668,3.4868349120836584,44.64338232932924,5.33,-0.557312624665296,0.2015101514858839,
2024-03-13,4.19,4.61,119.9642,3.4868349120836584,44.64338232932924,5.33,-0.557312624665296,-0.1662470207572965,
2024-03-14,4.29,4.68,120.241,3.4868349120836584,44.64338232932924,5.33,-0.557312624665296,-0.39132980771675496,
2024-03-15,4.31,4.72,120.4003,3.4868349120836584,44.64338232932924,5.33,-0.557312624665296,-0.255012006300168,
2024-03-18,4.34,4.73,120.5752,3.4868349120836584,44.64338232932924,5.33,-0.557312624665296,,
2024-03-19,4.3,4.68,120.9332,3.4868349120836584,44.64338232932924,5.33,-0.557312624665296,-0.2799973316387599,
2024-03-20,4.27,4.59,120.9289,3.4868349120836584,44.64338232932924,5.33,-0.557312624665296,0.15839678856696948,
2024-03-21,4.27,4.62,120.8086,3.4868349120836584,44.64338232932924,5.33,-0.557312624665296,0.22334876654674235,
2024-03-22,4.22,4.59,121.1842,3.4868349120836584,44.64338232932924,5.33,-0.557312624665296,0.25963305584874197,
2024-03-25,4.25,4.54,121.0295,3.4868349120836584,44.64338232932924,5.33,-0.557312624665296,0.49042063038388395,
2024-03-26,4.24,4.56,121.0742,3.4868349120836584,44.64338232932924,5.33,-0.557312624665296,0.4605221677106965,
2024-03-27,4.2,4.54,121.0089,3.4868349120836584,44.64338232932924,5.33,-0.557312624665296,0.3315386515142549,
2024-03-28,4.2,4.59,121.0635,3.4868349120836584,44.64338232932924,5.33,-0.557312624665296,0.16583649660801103,
2024-03-29,,,121.0191,3.4868349120836584,44.64338232932924,5.33,-0.557312624665296,,
2024-04-01,4.33,4.72,121.5151,3.3607951262196734,-123.44108355464797,5.33,-0.9971062585799939,-0.35818881799729696,163.9473419189453
2024-04-02,4.36,4.7,121.3035,3.3607951262196734,-123.44108355464797,5.33,-0.9971062585799939,-0.5170461134339006,
2024-04-03,4.36,4.68,121.0198,3.3607951262196734,-123.44108355464797,5.33,-0.9971062585799939,-0.4182545796736561,
2024-04-04,4.31,4.65,120.7613,3.3607951262196734,-123.44108355464797,5.33,-0.9971062585799939,-0.4907373065051143,
2024-04-05,4.39,4.73,120.9646,3.3607951262196734,-123.44108355464797,5.33,-0.9971062585799939,-0.8514365418212473,
2024-04-08,4.42,4.78,120.7359,3.3607951262196734,-123.44108355464797,5.33,-0.9971062585799939,-0.9042409197138237,
2024-04-09,4.36,4.74,120.7048,3.3607951262196734,-123.44108355464797,5.33,-0.9971062585799939,-0.5482510230833065,
2024-04-10,4.55,4.97,121.5727,3.3607951262196734,-123.44108355464797,5.33,-0.9971062585799939,-1.0,
2024-04-11,4.56,4.93,121.6081,3.3607951262196734,-123.44108355464797,5.33,-0.9971062585799939,-0.784509898795369,
2024-04-12,4.5,4.88,122.2885,3.3607951262196734,-123.44108355464797,5.33,-0.9971062585799939,-0.49049696989284297,
2024-04-15,4.63,4.93,122.425,3.3607951262196734,-123.44108355464797,5.33,-0.9971062585799939,-0.5964889912116433,
2024-04-16,4.67,4.97,123.1234,3.3607951262196734,-123.44108355464797,5.33,-0.9971062585799939,-0.8456084545201458,
2024-04-17,4.59,4.93,123.0207,3.3607951262196734,-123.44108355464797,5.33,-0.9971062585799939,-0.9776444126417944,
2024-04-18,4.64,4.98,123.0017,3.3607951262196734,-123.44108355464797,5.33,-0.9971062585799939,-1.0,
2024-04-19,4.62,4.97,123.1075,3.3607951262196734,-123.44108355464797,5.33,-0.9971062585799939,-1.0,
2024-04-22,4.62,4.97,123.0609,3.3607951262196734,-123.44108355464797,5.33,-0.9971062585799939,-1.0,
2024-04-23,4.61,4.86,122.7227,3.3607951262196734,-123.44108355464797,5.33,-0.9971062585799939,-0.8493411811473763,
2024-04-24,4.65,4.89,122.89,3.3607951262196734,-123.44108355464797,5.33,-0.9971062585799939,-1.0,
2024-04-25,4.7,4.96,122.8384,3.3607951262196734,-123.44108355464797,5.33,-0.9971062585799939,-1.0,
2024-04-26,4.67,4.96,122.9471,3.3607951262196734,-123.44108355464797,5.33,-0.9971062585799939,,
2024-04-29,4.63,4.97,122.5449,3.3607951262196734,-123.44108355464797,5.33,-0.9971062585799939,-0.748334736896132,
2024-04-30,4.69,5.04,122.9853,3.3607951262196734,-123.44108355464797,5.33,-0.9971062585799939,-1.0,
2024-05-01,4.63,4.96,123.0168,3.244278584003113,-94.94199840386175,5.33,-0.06499644303002983,-0.83507155631893,130.52186584472656
2024-05-02,4.58,4.87,122.4384,3.244278584003113,-94.94199840386175,5.33,-0.06499644303002983,-0.6638618726311707,
2024-05-03,4.5,4.81,122.1375,3.244278584003113,-94.94199840386175,5.33,-0.06499644303002983,-0.24513576125802775,
2024-05-06,4.49,4.82,121.8913,3.244278584003113,-94.94199840386175,5.33,-0.06499644303002983,-0.12504189271858104,
2024-05-07,4.47,4.82,122.093,3.244278584003113,-94.94199840386175,5.33,-0.06499644303002983,-0.24999867075129895,
2024-05-08,4.48,4.84,122.1926,3.244278584003113,-94.94199840386175,5.33,-0.06499644303002983,0.4087025642298332,
2024-05-09,4.45,4.8,122.1634,3.244278584003113,-94.94199840386175,5.33,-0.06499644303002983,0.412544918052336,
2024-05-10,4.5,4.87,122.014,3.244278584003113,-94.94199840386175,5.33,-0.06499644303002983,0.03165580933269789,
2024-05-13,4.48,4.85,122.0261,3.244278584003113,-94.94199840386175,5.33,-0.06499644303002983,0.2544293336250171,
2024-05-14,4.45,4.81,121.9256,3.244278584003113,-94.94199840386175,5.33,-0.06499644303002983,0.5124434221644452,
2024-05-15,4.36,4.73,121.3543,3.244278584003113,-94.94199840386175,5.33,-0.06499644303002983,0.6431412873743416,
2024-05-16,4.38,4.78,121.2236,3.244278584003113,-94.94199840386175,5.33,-0.06499644303002983,0.6437438332476693,
2024-05-17,4.42,4.83,121.2354,3.244278584003113,-94.94199840386175,5.33,-0.06499644303002983,0.45070802132695836,
2024-05-20,4.44,4.82,121.2289,3.244278584003113,-94.94199840386175,5.33,-0.06499644303002983,0.4828634294125753,
2024-05-21,4.41,4.82,121.3793,3.244278584003113,-94.94199840386175,5.33,-0.06499644303002983,0.1287224250197765,
2024-05-22,4.43,4.86,121.5462,3.244278584003113,-94.94199840386175,5.33,-0.06499644303002983,0.09668095441208764,
2024-05-23,4.47,4.91,121.7477,3.244278584003113,-94.94199840386175,5.33,-0.06499644303002983,0.16077171923817618,
2024-05-24,4.46,4.93,121.6172,3.244278584003113,-94.94199840386175,5.33,-0.06499644303002983,0.09738541046724845,
2024-05-27,,,,3.244278584003113,-94.94199840386175,5.33,-0.06499644303002983,,
2024-05-28,4.54,4.94,121.43,3.244278584003113,-94.94199840386175,5.33,-0.06499644303002983,0.328752288629423,
2024-05-29,4.61,4.96,122.1641,3.244278584003113,-94.94199840386175,5.33,-0.06499644303002983,-0.0,
2024-05-30,4.55,4.92,121.9601,3.244278584003113,-94.94199840386175,5.33,-0.06499644303002983,-0.1705914911962974,
2024-05-31,4.51,4.89,122.098,3.244278584003113,-94.94199840386175,5.33,-0.06499644303002983,-0.2840817198348154,
2024-06-03,4.41,4.82,122.3509,2.9702579486470926,-71.6639430770377,5.33,0.7734749239909133,-0.0,
2024-06-04,4.33,4.77,122.7256,2.9702579486470926,-71.6639430770377,5.33,0.7734749239909133,0.18957312612919378,
2024-06-05,4.29,4.72,122.5339,2.9702579486470926,-71.6639430770377,5.33,0.7734749239909133,0.4626285974855807,
2024-06-06,4.28,4.72,122.3713,2.9702579486470926,-71.6639430770377,5.33,0.7734749239909133,0.309898290889267,
2024-06-07,4.43,4.87,123.549,2.9702579486470926,-71.6639430770377,5.33,0.7734749239909133,-0.0,
2024-06-10,4.47,4.87,123.9125,2.9702579486470926,-71.6639430770377,5.33,0.7734749239909133,-0.07794175146539678,
2024-06-11,4.39,4.81,124.0349,2.9702579486470926,-71.6639430770377,5.33,0.7734749239909133,-0.0,
2024-06-12,4.31,4.75,123.8295,2.9702579486470926,-71.6639430770377,5.33,0.7734749239909133,-0.08095973012511805,
2024-06-13,4.24,4.68,124.0235,2.9702579486470926,-71.6639430770377,5.33,0.7734749239909133,0.4097765435638807,
2024-06-14,4.2,4.67,124.1694,2.9702579486470926,-71.6639430770377,5.33,0.7734749239909133,0.6681165668020912,
2024-06-17,4.28,4.75,124.239,2.9702579486470926,-71.6639430770377,5.33,0.7734749239909133,0.30716011599883375,
2024-06-18,4.22,4.69,123.9776,2.9702579486470926,-71.6639430770377,5.33,0.7734749239909133,0.5923456971830996,
2024-06-19,,,,2.9702579486470926,-71.6639430770377,5.33,0.7734749239909133,,
2024-06-20,4.25,4.7,124.192,2.9702579486470926,-71.6639430770377,5.33,0.7734749239909133,1.0,
2024-06-21,4.25,4.7,124.1086,2.9702579486470926,-71.6639430770377,5.33,0.7734749239909133,1.0,
2024-06-24,4.25,4.71,123.7125,2.9702579486470926,-71.6639430770377,5.33,0.7734749239909133,,
2024-06-25,4.23,4.65,123.9417,2.9702579486470926,-71.6639430770377,5.33,0.7734749239909133,1.0,
2024-06-26,4.32,4.71,124.26,2.9702579486470926,-71.6639430770377,5.33,0.7734749239909133,1.0,
2024-06-27,4.29,4.7,124.3379,2.9702579486470926,-71.6639430770377,5.33,0.7734749239909133,1.0,
2024-06-28,4.36,4.71,124.2103,2.9702579486470926,-71.6639430770377,5.33,0.7734749239909133,0.8966149290953567,
2024-07-01,4.48,4.77,124.4667,2.9414757935583014,-88.26584905576856,5.33,-0.9226344732312097,0.24878984809694185,92.3948745727539
2024-07-02,4.43,4.74,124.2917,2.9414757935583014,-88.26584905576856,5.33,-0.9226344732312097,0.1492739088581598,
2024-07-03,4.36,4.71,123.7768,2.9414757935583014,-88.26584905576856,5.33,-0.9226344732312097,0.0498707389208582,
2024-07-04,,,,2.9414757935583014,-88.26584905576856,5.33,-0.9226344732312097,,
2024-07-05,4.28,4.6,123.4762,2.9414757935583014,-88.26584905576856,5.33,-0.9226344732312097,1.0,
2024-07-08,4.28,4.62,123.3576,2.9414757935583014,-88.26584905576856,5.33,-0.9226344732312097,1.0,
2024-07-09,4.3,4.62,123.4071,2.9414757935583014,-88.26584905576856,5.33,-0.9226344732312097,0.8758630345086943,
2024-07-10,4.28,4.62,123.1895,2.9414757935583014,-88.26584905576856,5.33,-0.9226344732312097,0.5891483891271452,
2024-07-11,4.2,4.5,122.769,2.9414757935583014,-88.26584905576856,5.33,-0.9226344732312097,0.7808331592457425,
2024-07-12,4.18,4.45,122.4404,2.9414757935583014,-88.26584905576856,5.33,-0.9226344732312097,0.9016101954766956,
2024-07-15,4.23,4.44,122.6347,2.9414757935583014,-88.26584905576856,5.33,-0.9226344732312097,1.0,
2024-07-16,4.17,4.43,122.7264,2.9414757935583014,-88.26584905576856,5.33,-0.9226344732312097,0.9561385268872674,
2024-07-17,4.16,4.42,122.518,2.9414757935583014,-88.26584905576856,5.33,-0.9226344732312097,,
2024-07-18,4.2,4.46,122.7909,2.9414757935583014,-88.26584905576856,5.33,-0.9226344732312097,0.8211245420562607,
2024-07-19,4.25,4.49,123.147,2.9414757935583014,-88.26584905576856,5.33,-0.9226344732312097,0.7105434556318908,
2024-07-22,4.26,4.5,123.2172,2.9414757935583014,-88.26584905576856,5.33,-0.9226344732312097,0.7077335085603762,
2024-07-23,4.25,4.4,123.3843,2.9414757935583014,-88.26584905576856,5.33,-0.9226344732312097,0.8357912551551571,
2024-07-24,4.28,4.37,123.5575,2.9414757935583014,-88.26584905576856,5.33,-0.9226344732312097,1.0,
2024-07-25,4.27,4.41,123.5286,2.9414757935583014,-88.26584905576856,5.33,-0.9226344732312097,0.919441709746399,
2024-07-26,4.2,4.36,123.672,2.9414757935583014,-88.26584905576856,5.33,-0.9226344732312097,1.0,
2024-07-29,4.17,4.36,124.1392,2.9414757935583014,-88.26584905576856,5.33,-0.9226344732312097,1.0,
2024-07-30,4.15,4.35,124.2855,2.9414757935583014,-88.26584905576856,5.33,-0.9226344732312097,1.0,
2024-07-31,4.09,4.29,123.6373,2.9414757935583014,-88.26584905576856,5.33,-0.9226344732312097,1.0,
2024-08-01,3.99,4.16,123.8693,2.607144490692037,-104.36099164609773,5.33,-0.4050008280501727,,140.97506713867188
2024-08-02,3.8,3.88,123.4681,2.607144490692037,-104.36099164609773,5.33,-0.4050008280501727,1.0,
2024-08-05,3.78,3.89,123.5787,2.607144490692037,-104.36099164609773,5.33,-0.4050008280501727,1.0,
2024-08-06,3.9,3.99,123.6532,2.607144490692037,-104.36099164609773,5.33,-0.4050008280501727,1.0,
2024-08-07,3.96,4.0,123.5698,2.607144490692037,-104.36099164609773,5.33,-0.4050008280501727,1.0,
2024-08-08,3.99,4.04,123.4466,2.607144490692037,-104.36099164609773,5.33,-0.4050008280501727,0.8431452931039778,
2024-08-09,3.94,4.05,122.9276,2.607144490692037,-104.36099164609773,5.33,-0.4050008280501727,0.7140127185118051,
2024-08-12,3.9,4.01,123.2204,2.607144490692037,-104.36099164609773,5.33,-0.4050008280501727,0.7463570321118386,
2024-08-13,3.85,3.93,123.0146,2.607144490692037,-104.36099164609773,5.33,-0.4050008280501727,0.8391908377200709,
2024-08-14,3.83,3.94,122.4297,2.607144490692037,-104.36099164609773,5.33,-0.4050008280501727,0.7854499576163385,
2024-08-15,3.92,4.08,122.5844,2.607144490692037,-104.36099164609773,5.33,-0.4050008280501727,0.6188571356401563,
2024-08-16,3.89,4.06,122.3972,2.607144490692037,-104.36099164609773,5.33,-0.4050008280501727,0.6985306562567605,
2024-08-19,3.86,4.06,121.8788,2.607144490692037,-104.36099164609773,5.33,-0.4050008280501727,0.7083886021190958,
2024-08-20,3.82,3.99,121.7728,2.607144490692037,-104.36099164609773,5.33,-0.4050008280501727,0.6576155766049802,
2024-08-21,3.79,3.92,121.8535,2.607144490692037,-104.36099164609773,5.33,-0.4050008280501727,0.71778765234997,
2024-08-22,3.86,3.99,122.3626,2.607144490692037,-104.36099164609773,5.33,-0.4050008280501727,0.670194217143979,
2024-08-23,3.81,3.9,121.4597,2.607144490692037,-104.36099164609773,5.33,-0.4050008280501727,0.7287403968808112,
2024-08-26,3.82,3.91,121.6943,2.607144490692037,-104.36099164609773,5.33,-0.4050008280501727,0.706724736981899,
2024-08-27,3.83,3.83,121.8672,2.607144490692037,-104.36099164609773,5.33,-0.4050008280501727,0.803208407838383,
2024-08-28,3.84,3.83,121.8943,2.607144490692037,-104.36099164609773,5.33,-0.4050008280501727,0.6988584621610175,
2024-08-29,3.87,3.87,122.2333,2.607144490692037,-104.36099164609773,5.33,-0.4050008280501727,0.4359271332863749,
2024-08-30,3.91,3.91,122.3262,2.607144490692037,-104.36099164609773,5.33,-0.4050008280501727,-0.045321285154796415,
2024-09-02,,,,2.4264830315416708,27.461067733842484,5.13,-1.2004422838397089,,
2024-09-03,3.84,3.88,122.7811,2.4264830315416708,27.461067733842484,5.13,-1.2004422838397089,0.16882700462426534,
2024-09-04,3.77,3.76,122.5144,2.4264830315416708,27.461067733842484,5.13,-1.2004422838397089,0.36472267865169206,
2024-09-05,3.73,3.75,122.4533,2.4264830315416708,27.461067733842484,5.13,-1.2004422838397089,0.43518965967944667,
2024-09-06,3.72,3.66,122.4991,2.4264830315416708,27.461067733842484,5.13,-1.2004422838397089,0.5745151979922035,
2024-09-09,3.7,3.68,122.7156,2.4264830315416708,27.461067733842484,5.13,-1.2004422838397089,0.4823120479489901,
2024-09-10,3.65,3.59,123.0071,2.4264830315416708,27.461067733842484,5.13,-1.2004422838397089,0.48848538240810957,
2024-09-11,3.65,3.62,122.7754,2.4264830315416708,27.461067733842484,5.13,-1.2004422838397089,0.4516573254102342,
2024-09-12,3.68,3.64,122.4423,2.4264830315416708,27.461067733842484,5.13,-1.2004422838397089,0.6169751913770174,
2024-09-13,3.66,3.57,121.6551,2.4264830315416708,27.461067733842484,5.13,-1.2004422838397089,0.6806842512235087,
2024-09-16,3.63,3.56,121.4976,2.4264830315416708,27.461067733842484,5.13,-1.2004422838397089,0.6901883658588821,
2024-09-17,3.65,3.59,121.6031,2.4264830315416708,27.461067733842484,5.13,-1.2004422838397089,0.549285597347467,
2024-09-18,3.7,3.61,121.5618,2.4264830315416708,27.461067733842484,5.13,-1.2004422838397089,0.42704891727746985,
2024-09-19,3.73,3.59,121.3059,2.4264830315416708,27.461067733842484,5.13,-1.2004422838397089,0.5531425014141089,
2024-09-20,3.73,3.55,121.4052,2.4264830315416708,27.461067733842484,5.13,-1.2004422838397089,0.48630228383043983,
2024-09-23,3.75,3.57,121.4303,2.4264830315416708,27.461067733842484,5.13,-1.2004422838397089,0.47953079714812963,
2024-09-24,3.74,3.49,121.1291,2.4264830315416708,27.461067733842484,5.13,-1.2004422838397089,0.4843561748769458,
2024-09-25,3.79,3.53,121.4447,2.4264830315416708,27.461067733842484,5.13,-1.2004422838397089,0.43344377062890094,
2024-09-26,3.79,3.6,121.0785,2.4264830315416708,27.461067733842484,5.13,-1.2004422838397089,0.3884383045574809,
2024-09-27,3.75,3.55,121.1111,2.4264830315416708,27.461067733842484,5.13,-1.2004422838397089,0.522963766286455,
2024-09-30,3.81,3.66,121.2864,2.4264830315416708,27.461067733842484,5.13,-1.2004422838397089,,
2024-10-01,3.74,3.61,121.6881,2.578844053871343,-69.13989878364727,4.83,-0.9947356843759692,0.40921754091557555,130.689208984375
2024-10-02,3.79,3.63,121.5724,2.578844053871343,-69.13989878364727,4.83,-0.9947356843759692,0.20232779757344585,
2024-10-03,3.85,3.7,122.1197,2.578844053871343,-69.13989878364727,4.83,-0.9947356843759692,0.07948130888325343,
2024-10-04,3.98,3.93,122.2197,2.578844053871343,-69.13989878364727,4.83,-0.9947356843759692,-0.43952066041761273,
2024-10-07,4.03,3.99,122.4241,2.578844053871343,-69.13989878364727,4.83,-0.9947356843759692,-0.5170880910815754,
2024-10-08,4.04,3.98,122.6625,2.578844053871343,-69.13989878364727,4.83,-0.9947356843759692,-0.6672735230848984,
2024-10-09,4.06,3.99,122.8821,2.578844053871343,-69.13989878364727,4.83,-0.9947356843759692,-0.6498819082176822,
2024-10-10,4.09,3.98,123.0951,2.578844053871343,-69.13989878364727,4.83,-0.9947356843759692,-0.6175228019553698,
2024-10-11,4.08,3.95,122.9805,2.578844053871343,-69.13989878364727,4.83,-0.9947356843759692,-0.7195701312191751,
2024-10-14,,,,2.578844053871343,-69.13989878364727,4.83,-0.9947356843759692,,
2024-10-15,4.03,3.95,123.5124,2.578844053871343,-69.13989878364727,4.83,-0.9947356843759692,-0.7375378437632255,
2024-10-16,4.02,3.93,123.9235,2.578844053871343,-69.13989878364727,4.83,-0.9947356843759692,-0.6809873130797189,
2024-10-17,4.09,3.96,124.1122,2.578844053871343,-69.13989878364727,4.83,-0.9947356843759692,-0.826766917136309,
2024-10-18,4.08,3.95,123.9185,2.578844053871343,-69.13989878364727,4.83,-0.9947356843759692,-0.9353742065338029,
2024-10-21,4.19,4.02,124.4757,2.578844053871343,-69.13989878364727,4.83,-0.9947356843759692,-1.0,
2024-10-22,4.2,4.03,124.4107,2.578844053871343,-69.13989878364727,4.83,-0.9947356843759692,-1.0,
2024-10-23,4.24,4.07,124.6931,2.578844053871343,-69.13989878364727,4.83,-0.9947356843759692,-1.0,
2024-10-24,4.21,4.07,124.5127,2.578844053871343,-69.13989878364727,4.83,-0.9947356843759692,-1.0,
2024-10-25,4.25,4.11,124.6105,2.578844053871343,-69.13989878364727,4.83,-0.9947356843759692,-1.0,
2024-10-28,4.28,4.12,124.8076,2.578844053871343,-69.13989878364727,4.83,-0.9947356843759692,-1.0,
2024-10-29,4.28,4.11,124.8612,2.578844053871343,-69.13989878364727,4.83,-0.9947356843759692,-1.0,
2024-10-30,4.29,4.15,124.8153,2.578844053871343,-69.13989878364727,4.83,-0.9947356843759692,-1.0,
2024-10-31,4.28,4.16,124.7988,2.578844053871343,-69.13989878364727,4.83,-0.9947356843759692,-1.0,
2024-11-01,4.37,4.21,124.8076,2.719472461284833,16.451506151745765,4.64,-1.5579409481489392,-0.6869581407194283,128.90164184570312
2024-11-04,4.31,4.17,124.5903,2.719472461284833,16.451506151745765,4.64,-1.5579409481489392,-0.43465190949159044,
2024-11-05,4.26,4.19,124.5532,2.719472461284833,16.451506151745765,4.64,-1.5579409481489392,-0.49636600090324473,
2024-11-06,4.42,4.27,125.7035,2.719472461284833,16.451506151745765,4.64,-1.5579409481489392,-0.6417703134115232,
2024-11-07,4.31,4.21,124.775,2.719472461284833,16.451506151745765,4.64,-1.5579409481489392,-0.5202021323413255,
2024-11-08,4.3,4.26,125.5811,2.719472461284833,16.451506151745765,4.64,-1.5579409481489392,-0.6868209669416464,
2024-11-11,,,,2.719472461284833,16.451506151745765,4.64,-1.5579409481489392,,
2024-11-12,4.43,4.34,126.7762,2.719472461284833,16.451506151745765,4.64,-1.5579409481489392,-0.8323565725403392,
2024-11-13,4.44,4.27,126.9572,2.719472461284833,16.451506151745765,4.64,-1.5579409481489392,-0.7080534163621391,
2024-11-14,4.43,4.34,127.0015,2.719472461284833,16.451506151745765,4.64,-1.5579409481489392,-0.7679996012603495,
2024-11-15,4.43,4.31,126.8848,2.719472461284833,16.451506151745765,4.64,-1.5579409481489392,-0.7093107525076936,
2024-11-18,4.42,4.29,126.6045,2.719472461284833,16.451506151745765,4.64,-1.5579409481489392,-0.520791044519485,
2024-11-19,4.39,4.27,126.3994,2.719472461284833,16.451506151745765,4.64,-1.5579409481489392,-0.45506760072397806,
2024-11-20,4.41,4.31,126.88,2.719472461284833,16.451506151745765,4.64,-1.5579409481489392,-0.4463031741908053,
2024-11-21,4.43,4.34,127.1047,2.719472461284833,16.451506151745765,4.64,-1.5579409481489392,-0.49150378758517294,
2024-11-22,4.41,4.37,127.4712,2.719472461284833,16.451506151745765,4.64,-1.5579409481489392,-0.4626241938214239,
2024-11-25,4.27,4.21,126.9948,2.719472461284833,16.451506151745765,4.64,-1.5579409481489392,-0.1601697979979126,
2024-11-26,4.3,4.21,127.4301,2.719472461284833,16.451506151745765,4.64,-1.5579409481489392,-0.17657741707080818,
2024-11-27,4.25,4.19,126.8205,2.719472461284833,16.451506151745765,4.64,-1.5579409481489392,-0.07042506227776157,
2024-11-28,,,,2.719472461284833,16.451506151745765,4.64,-1.5579409481489392,,
2024-11-29,4.18,4.13,126.5798,2.719472461284833,16.451506151745765,4.64,-1.5579409481489392,0.14109463542492387,
2024-12-02,4.19,4.17,127.1272,2.870690967509981,88.38088924812388,4.48,-0.2741466217243804,-0.0,
2024-12-03,4.23,4.17,126.9565,2.870690967509981,88.38088924812388,4.48,-0.2741466217243804,0.03585878415259678,
2024-12-04,4.19,4.13,126.7574,2.870690967509981,88.38088924812388,4.48,-0.2741466217243804,0.2542336921812468,
2024-12-05,4.17,4.15,126.4286,2.870690967509981,88.38088924812388,4.48,-0.2741466217243804,0.11024266933287297,
2024-12-06,4.15,4.1,126.688,2.870690967509981,88.38088924812388,4.48,-0.2741466217243804,0.300407681609464,
2024-12-09,4.2,4.13,126.5981,2.870690967509981,88.38088924812388,4.48,-0.2741466217243804,,
2024-12-10,4.22,4.15,126.957,2.870690967509981,88.38088924812388,4.48,-0.2741466217243804,0.3739159633037871,
2024-12-11,4.26,4.15,126.8483,2.870690967509981,88.38088924812388,4.48,-0.2741466217243804,0.2416273506742529,
2024-12-12,4.32,4.18,126.9556,2.870690967509981,88.38088924812388,4.48,-0.2741466217243804,0.33104111234851974,
2024-12-13,4.4,4.25,127.3096,2.870690967509981,88.38088924812388,4.48,-0.2741466217243804,0.12835979558616917,
2024-12-16,4.39,4.25,127.2687,2.870690967509981,88.38088924812388,4.48,-0.2741466217243804,0.08864445867656126,
2024-12-17,4.4,4.25,127.5043,2.870690967509981,88.38088924812388,4.48,-0.2741466217243804,0.04697432123323981,
2024-12-18,4.5,4.35,127.6418,2.870690967509981,88.38088924812388,4.48,-0.2741466217243804,-0.09884980524163782,
2024-12-19,4.57,4.32,128.6366,2.870690967509981,88.38088924812388,4.48,-0.2741466217243804,0.05180924671696572,
2024-12-20,4.52,4.3,127.893,2.870690967509981,88.38088924812388,4.48,-0.2741466217243804,0.1952366578001246,
2024-12-23,4.59,4.3,128.3021,2.870690967509981,88.38088924812388,4.48,-0.2741466217243804,-0.26539956992086156,
2024-12-24,4.59,4.29,128.3377,2.870690967509981,88.38088924812388,4.48,-0.2741466217243804,-0.257453899780908,
2024-12-25,,,,2.870690967509981,88.38088924812388,4.48,-0.2741466217243804,,
2024-12-26,4.58,4.3,128.3329,2.870690967509981,88.38088924812388,4.48,-0.2741466217243804,,
2024-12-27,4.62,4.31,128.45,2.870690967509981,88.38088924812388,4.48,-0.2741466217243804,-0.7234279629799679,
2024-12-30,4.55,4.24,128.8205,2.870690967509981,88.38088924812388,4.48,-0.2741466217243804,-0.28640215969151045,
2024-12-31,4.58,4.25,129.2775,2.870690967509981,88.38088924812388,4.48,-0.2741466217243804,-0.3344709853338459,
2025-01-01,,,,2.9909783078999608,-100.5572530878077,4.33,0.849002693950851,,113.233154296875
2025-01-02,4.57,4.25,129.4598,2.9909783078999608,-100.5572530878077,4.33,0.849002693950851,-0.4360826943349782,
2025-01-03,4.6,4.28,129.4535,2.9909783078999608,-100.5572530878077,4.33,0.849002693950851,-0.8151322229547666,
2025-01-06,4.62,4.28,128.538,2.9909783078999608,-100.5572530878077,4.33,0.849002693950851,-0.6819728271934863,
2025-01-07,4.67,4.3,128.613,2.9909783078999608,-100.5572530878077,4.33,0.849002693950851,-0.7109167533093952,
2025-01-08,4.67,4.28,129.0785,2.9909783078999608,-100.5572530878077,4.33,0.849002693950851,-0.6555672262219459,
2025-01-09,4.68,4.27,129.2827,2.9909783078999608,-100.5572530878077,4.33,0.849002693950851,-0.4817105585372188,
2025-01-10,4.77,4.4,129.8664,2.9909783078999608,-100.5572530878077,4.33,0.849002693950851,-0.8387995759765557,
2025-01-13,4.79,4.4,130.0413,2.9909783078999608,-100.5572530878077,4.33,0.849002693950851,-0.851509437254918,
2025-01-14,4.78,4.37,129.3812,2.9909783078999608,-100.5572530878077,4.33,0.849002693950851,-0.7001960735129017,
2025-01-15,4.66,4.27,129.2092,2.9909783078999608,-100.5572530878077,4.33,0.849002693950851,0.48345925194092815,
2025-01-16,4.61,4.23,129.436,2.9909783078999608,-100.5572530878077,4.33,0.849002693950851,0.5663880111264935,
2025-01-17,4.61,4.27,129.4859,2.9909783078999608,-100.5572530878077,4.33,0.849002693950851,0.1937209873750148,
2025-01-20,,,,2.9909783078999608,-100.5572530878077,4.33,0.849002693950851,,
2025-01-21,4.57,4.29,128.4151,2.9909783078999608,-100.5572530878077,4.33,0.849002693950851,-0.0,
2025-01-22,4.6,4.29,128.3402,2.9909783078999608,-100.5572530878077,4.33,0.849002693950851,,
2025-01-23,4.65,4.29,128.2162,2.9909783078999608,-100.5572530878077,4.33,0.849002693950851,0.06960166843530242,
2025-01-24,4.63,4.27,127.4611,2.9909783078999608,-100.5572530878077,4.33,0.849002693950851,0.2794258194867746,
2025-01-27,4.53,4.17,128.0912,2.9909783078999608,-100.5572530878077,4.33,0.849002693950851,0.48899518410185705,
2025-01-28,4.55,4.19,128.2817,2.9909783078999608,-100.5572530878077,4.33,0.849002693950851,0.41913872923015877,
2025-01-29,4.55,4.21,128.3418,2.9909783078999608,-100.5572530878077,4.33,0.849002693950851,,
2025-01-30,4.52,4.18,128.1004,2.9909783078999608,-100.5572530878077,4.33,0.849002693950851,0.4840387351858805,
2025-01-31,4.58,4.22,128.4828,2.9909783078999608,-100.5572530878077,4.33,0.849002693950851,0.4139849111524538,
2025-02-03,4.54,4.26,129.109,2.8015834477613355,-33.26773145467357,4.33,0.8119858403550007,0.13926102865696133,
2025-02-04,4.52,4.21,128.1083,2.8015834477613355,-33.26773145467357,4.33,0.8119858403550007,0.6327904304064815,
2025-02-05,4.43,4.17,127.9751,2.8015834477613355,-33.26773145467357,4.33,0.8119858403550007,0.7646727983365096,
2025-02-06,4.45,4.21,128.2017,2.8015834477613355,-33.26773145467357,4.33,0.8119858403550007,0.42195917827679974,
2025-02-07,4.49,4.29,128.4292,2.8015834477613355,-33.26773145467357,4.33,0.8119858403550007,0.7764698903796918,
2025-02-10,4.51,4.28,128.6382,2.8015834477613355,-33.26773145467357,4.33,0.8119858403550007,0.8481867283619691,
2025-02-11,4.54,4.29,128.4322,2.8015834477613355,-33.26773145467357,4.33,0.8119858403550007,0.5641635036230654,
2025-02-12,4.62,4.36,128.3288,2.8015834477613355,-33.26773145467357,4.33,0.8119858403550007,-0.6250395391106053,
2025-02-13,4.52,4.31,127.8931,2.8015834477613355,-33.26773145467357,4.33,0.8119858403550007,-0.5600763792600639,
2025-02-14,4.47,4.26,127.1491,2.8015834477613355,-33.26773145467357,4.33,0.8119858403550007,0.07192617922450047,
2025-02-17,,,,2.8015834477613355,-33.26773145467357,4.33,0.8119858403550007,,
2025-02-18,4.55,4.29,127.2906,2.8015834477613355,-33.26773145467357,4.33,0.8119858403550007,-0.0,
2025-02-19,4.53,4.28,127.7317,2.8015834477613355,-33.26773145467357,4.33,0.8119858403550007,0.0717860985222103,
2025-02-20,4.5,4.28,127.1126,2.8015834477613355,-33.26773145467357,4.33,0.8119858403550007,0.07233164470143233,
2025-02-21,4.42,4.19,127.1408,2.8015834477613355,-33.26773145467357,4.33,0.8119858403550007,0.5911735749517373,
2025-02-24,4.4,4.13,127.1921,2.8015834477613355,-33.26773145467357,4.33,0.8119858403550007,0.2909122133067644,
2025-02-25,4.3,4.07,127.3752,2.8015834477613355,-33.26773145467357,4.33,0.8119858403550007,0.8319074653450108,
2025-02-26,4.25,4.05,127.2822,2.8015834477613355,-33.26773145467357,4.33,0.8119858403550007,1.0,
2025-02-27,4.29,4.07,127.9704,2.8015834477613355,-33.26773145467357,4.33,0.8119858403550007,0.7062223777538211,
2025-02-28,4.24,3.99,128.2805,2.8015834477613355,-33.26773145467357,4.33,0.8119858403550007,1.0,
2025-03-03,4.16,3.96,127.75,2.381981462805549,-7.288105464022767,4.33,0.5802453773984029,1.0,
2025-03-04,4.22,3.96,127.9966,2.381981462805549,-7.288105464022767,4.33,0.5802453773984029,1.0,
2025-03-05,4.28,3.99,126.504,2.381981462805549,-7.288105464022767,4.33,0.5802453773984029,0.8847127958203356,
2025-03-06,4.29,3.96,126.1099,2.381981462805549,-7.288105464022767,4.33,0.5802453773984029,1.0,
2025-03-07,4.32,3.99,125.9814,2.381981462805549,-7.288105464022767,4.33,0.5802453773984029,1.0,
2025-03-10,4.22,3.89,126.268,2.381981462805549,-7.288105464022767,4.33,0.5802453773984029,1.0,
2025-03-11,4.28,3.94,126.0457,2.381981462805549,-7.288105464022767,4.33,0.5802453773984029,1.0,
2025-03-12,4.32,4.01,125.8664,2.381981462805549,-7.288105464022767,4.33,0.5802453773984029,1.0,
2025-03-13,4.27,3.94,126.0031,2.381981462805549,-7.288105464022767,4.33,0.5802453773984029,1.0,
2025-03-14,4.31,4.02,125.6942,2.381981462805549,-7.288105464022767,4.33,0.5802453773984029,0.8958316646145092,
2025-03-17,4.31,4.06,125.3688,2.381981462805549,-7.288105464022767,4.33,0.5802453773984029,,
2025-03-18,4.29,4.04,125.488,2.381981462805549,-7.288105464022767,4.33,0.5802453773984029,0.9237578457847746,
2025-03-19,4.25,3.99,125.8006,2.381981462805549,-7.288105464022767,4.33,0.5802453773984029,1.0,
2025-03-20,4.24,3.95,125.985,2.381981462805549,-7.288105464022767,4.33,0.5802453773984029,1.0,
2025-03-21,4.25,3.94,126.2679,2.381981462805549,-7.288105464022767,4.33,0.5802453773984029,0.8826014281020991,
2025-03-24,4.34,4.04,126.1956,2.381981462805549,-7.288105464022767,4.33,0.5802453773984029,0.3160137013229174,
2025-03-25,4.31,3.96,126.0535,2.381981462805549,-7.288105464022767,4.33,0.5802453773984029,0.3803209760770727,
2025-03-26,4.35,3.98,126.2364,2.381981462805549,-7.288105464022767,4.33,0.5802453773984029,0.240782584902658,
2025-03-27,4.38,3.97,126.3626,2.381981462805549,-7.288105464022767,4.33,0.5802453773984029,0.34017832734958703,
2025-03-28,4.27,3.89,126.4187,2.381981462805549,-7.288105464022767,4.33,0.5802453773984029,0.33313119162017163,
2025-03-31,4.23,3.89,126.7075,2.381981462805549,-7.288105464022767,4.33,0.5802453773984029,0.22900294785412328,
2025-04-01,4.17,3.87,126.4338,2.32538823025783,23.085632785263627,4.33,0.8823523543694645,0.28945462505529695,141.1845245361328
2025-04-02,4.2,3.91,126.3811,2.32538823025783,23.085632785263627,4.33,0.8823523543694645,0.25478644069581724,
2025-04-03,4.06,3.71,124.7316,2.32538823025783,23.085632785263627,4.33,0.8823523543694645,0.7568657342013014,
2025-04-04,4.01,3.68,125.8129,2.32538823025783,23.085632785263627,4.33,0.8823523543694645,0.9084042219580042,
2025-04-07,4.15,3.73,126.8282,2.32538823025783,23.085632785263627,4.33,0.8823523543694645,0.4622249853688371,
2025-04-08,4.26,3.71,126.8668,2.32538823025783,23.085632785263627,4.33,0.8823523543694645,0.6521346679061483,
2025-04-09,4.34,3.91,126.628,2.32538823025783,23.085632785263627,4.33,0.8823523543694645,0.2840844677454034,
2025-04-10,4.4,3.84,125.089,2.32538823025783,23.085632785263627,4.33,0.8823523543694645,0.2816653480851723,
2025-04-11,4.48,3.96,124.0163,2.32538823025783,23.085632785263627,4.33,0.8823523543694645,0.17038647211915273,
2025-04-14,4.38,3.84,123.6598,2.32538823025783,23.085632785263627,4.33,0.8823523543694645,0.6214893267117361,
2025-04-15,4.35,3.84,123.776,2.32538823025783,23.085632785263627,4.33,0.8823523543694645,0.5660128875026629,
2025-04-16,4.29,3.77,123.2724,2.32538823025783,23.085632785263627,4.33,0.8823523543694645,0.6191574555292901,
2025-04-17,4.34,3.81,123.1298,2.32538823025783,23.085632785263627,4.33,0.8823523543694645,0.3949406080980113,
2025-04-18,,,122.9865,2.32538823025783,23.085632785263627,4.33,0.8823523543694645,,
2025-04-21,4.42,3.75,122.3145,2.32538823025783,23.085632785263627,4.33,0.8823523543694645,0.8103475600309512,
2025-04-22,4.41,3.76,122.4175,2.32538823025783,23.085632785263627,4.33,0.8823523543694645,0.5527747927130334,
2025-04-23,4.4,3.81,123.0252,2.32538823025783,23.085632785263627,4.33,0.8823523543694645,0.46937294428812887,
2025-04-24,4.32,3.77,122.9251,2.32538823025783,23.085632785263627,4.33,0.8823523543694645,0.5482678626622505,
2025-04-25,4.29,3.74,122.8858,2.32538823025783,23.085632785263627,4.33,0.8823523543694645,0.409117112177956,
2025-04-28,4.23,3.67,122.7176,2.32538823025783,23.085632785263627,4.33,0.8823523543694645,0.5952996255869897,
2025-04-29,4.19,3.65,122.5944,2.32538823025783,23.085632785263627,4.33,0.8823523543694645,0.5867458355650386,
2025-04-30,4.17,3.6,122.5921,2.32538823025783,23.085632785263627,4.33,0.8823523543694645,0.8071972371931899,
2025-05-01,4.25,3.7,123.1405,2.3772651073680873,-48.084187819209674,4.33,0.10162299356553106,0.0259946122982273,167.42288208007812
2025-05-02,4.33,3.83,122.4962,2.3772651073680873,-48.084187819209674,4.33,0.10162299356553106,-0.3992945666417611,
2025-05-05,4.36,3.83,122.2613,2.3772651073680873,-48.084187819209674,4.33,0.10162299356553106,-0.27295118363797133,
2025-05-06,4.3,3.78,122.0417,2.3772651073680873,-48.084187819209674,4.33,0.10162299356553106,-0.1962355385282592,
2025-05-07,4.26,3.78,122.117,2.3772651073680873,-48.084187819209674,4.33,0.10162299356553106,0.3821973631664021,
2025-05-08,4.37,3.9,122.7568,2.3772651073680873,-48.084187819209674,4.33,0.10162299356553106,-0.18514311366491004,
2025-05-09,4.37,3.88,122.5191,2.3772651073680873,-48.084187819209674,4.33,0.10162299356553106,0.2573458249463446,
2025-05-12,4.45,3.98,123.4863,2.3772651073680873,-48.084187819209674,4.33,0.10162299356553106,-0.45348432121930865,
2025-05-13,4.49,4.02,122.9583,2.3772651073680873,-48.084187819209674,4.33,0.10162299356553106,-0.6133515565505551,
2025-05-14,4.53,4.05,122.6746,2.3772651073680873,-48.084187819209674,4.33,0.10162299356553106,-1.0,
2025-05-15,4.45,3.96,122.8174,2.3772651073680873,-48.084187819209674,4.33,0.10162299356553106,-0.5747319513026061,
2025-05-16,4.43,3.98,123.0737,2.3772651073680873,-48.084187819209674,4.33,0.10162299356553106,,
2025-05-19,4.46,3.97,122.4186,2.3772651073680873,-48.084187819209674,4.33,0.10162299356553106,-0.9047823788891929,
2025-05-20,4.48,3.97,122.3199,2.3772651073680873,-48.084187819209674,4.33,0.10162299356553106,-0.877093920475964,
2025-05-21,4.58,4.0,121.7496,2.3772651073680873,-48.084187819209674,4.33,0.10162299356553106,-0.8001637360999676,
2025-05-22,4.54,4.0,122.0429,2.3772651073680873,-48.084187819209674,4.33,0.10162299356553106,-0.9810997310923623,
2025-05-23,4.51,4.0,121.3837,2.3772651073680873,-48.084187819209674,4.33,0.10162299356553106,-1.0,
2025-05-26,,,,2.3772651073680873,-48.084187819209674,4.33,0.10162299356553106,,
2025-05-27,4.43,3.92,121.6099,2.3772651073680873,-48.084187819209674,4.33,0.10162299356553106,-1.0,
2025-05-28,4.47,3.96,121.9888,2.3772651073680873,-48.084187819209674,4.33,0.10162299356553106,-1.0,
2025-05-29,4.43,3.92,121.5617,2.3772651073680873,-48.084187819209674,4.33,0.10162299356553106,-0.9407181421473118,
2025-05-30,4.41,3.89,121.7674,2.3772651073680873,-48.084187819209674,4.33,0.10162299356553106,-0.2584590374929733,
2025-06-02,4.46,3.94,121.1881,2.680453865910226,-63.29863398735131,4.33,0.5793208714095943,-0.47284208252618576,
2025-06-03,4.46,3.96,121.4592,2.680453865910226,-63.29863398735131,4.33,0.5793208714095943,-0.7724027353214894,
2025-06-04,4.37,3.87,121.0539,2.680453865910226,-63.29863398735131,4.33,0.5793208714095943,-0.3903135705546863,
2025-06-05,4.4,3.92,120.9596,2.680453865910226,-63.29863398735131,4.33,0.5793208714095943,-0.086849470616771,
2025-06-06,4.51,4.04,121.161,2.680453865910226,-63.29863398735131,4.33,0.5793208714095943,-0.6920663374815134,
2025-06-09,4.49,4.01,120.9103,2.680453865910226,-63.29863398735131,4.33,0.5793208714095943,-0.13109950881478638,
2025-06-10,4.47,4.01,121.0485,2.680453865910226,-63.29863398735131,4.33,0.5793208714095943,0.04395729797062532,
2025-06-11,4.41,3.94,120.587,2.680453865910226,-63.29863398735131,4.33,0.5793208714095943,0.4863727380618129,
2025-06-12,4.36,3.9,120.1723,2.680453865910226,-63.29863398735131,4.33,0.5793208714095943,0.26615022488375206,
2025-06-13,4.41,3.96,120.3245,2.680453865910226,-63.29863398735131,4.33,0.5793208714095943,0.08854069570027708,
2025-06-16,4.46,3.97,120.1565,2.680453865910226,-63.29863398735131,4.33,0.5793208714095943,-0.0,
2025-06-17,4.39,3.94,120.5048,2.680453865910226,-63.29863398735131,4.33,0.5793208714095943,0.1347506607232596,
2025-06-18,4.38,3.94,120.7305,2.680453865910226,-63.29863398735131,4.33,0.5793208714095943,0.27078938851989903,
2025-06-19,,,,2.680453865910226,-63.29863398735131,4.33,0.5793208714095943,,
2025-06-20,4.38,3.9,121.0408,2.680453865910226,-63.29863398735131,4.33,0.5793208714095943,0.450115420330944,
2025-06-23,4.34,3.84,121.1694,2.680453865910226,-63.29863398735131,4.33,0.5793208714095943,,
2025-06-24,4.3,3.75,120.3645,2.680453865910226,-63.29863398735131,4.33,0.5793208714095943,0.7565501484701099,
2025-06-25,4.29,3.74,120.3336,2.680453865910226,-63.29863398735131,4.33,0.5793208714095943,0.9686583287219,
2025-06-26,4.26,3.7,119.6451,2.680453865910226,-63.29863398735131,4.33,0.5793208714095943,0.966474880321231,
2025-06-27,4.29,3.73,119.659,2.680453865910226,-63.29863398735131,4.33,0.5793208714095943,0.710957580737479,
2025-06-30,4.24,3.72,119.4088,2.680453865910226,-63.29863398735131,4.33,0.5793208714095943,0.9755869104869479,
2025-07-01,4.26,3.78,119.3436,2.742618052167134,-1.6105418059826266,4.33,1.9187662602012212,0.8081666903241929,134.64071655273438
2025-07-02,4.3,3.78,119.3037,2.742618052167134,-1.6105418059826266,4.33,1.9187662602012212,0.4022775435737534,
2025-07-03,4.35,3.88,119.2382,2.742618052167134,-1.6105418059826266,4.33,1.9187662602012212,0.17887423089254031,
2025-07-04,,,,2.742618052167134,-1.6105418059826266,4.33,1.9187662602012212,,
2025-07-07,4.4,3.9,119.6201,2.742618052167134,-1.6105418059826266,4.33,1.9187662602012212,0.49037397446756786,
2025-07-08,4.42,3.9,119.8371,2.742618052167134,-1.6105418059826266,4.33,1.9187662602012212,0.49031323560068957,
2025-07-09,4.34,3.86,119.7311,2.742618052167134,-1.6105418059826266,4.33,1.9187662602012212,0.35916546669718696,
2025-07-10,4.35,3.86,119.8343,2.742618052167134,-1.6105418059826266,4.33,1.9187662602012212,0.1800606023449227,
2025-07-11,4.43,3.9,119.9214,2.742618052167134,-1.6105418059826266,4.33,1.9187662602012212,0.2723763021628173,
2025-07-14,4.43,3.9,120.2209,2.742618052167134,-1.6105418059826266,4.33,1.9187662602012212,0.321225250186344,
2025-07-15,4.5,3.95,120.5105,2.742618052167134,-1.6105418059826266,4.33,1.9187662602012212,-0.04617262551214885,
2025-07-16,4.46,3.88,120.4175,2.742618052167134,-1.6105418059826266,4.33,1.9187662602012212,0.27803586390688223,
2025-07-17,4.47,3.91,120.6384,2.742618052167134,-1.6105418059826266,4.33,1.9187662602012212,,
2025-07-18,4.44,3.88,120.356,2.742618052167134,-1.6105418059826266,4.33,1.9187662602012212,0.09502367402501528,
2025-07-21,4.38,3.85,119.9961,2.742618052167134,-1.6105418059826266,4.33,1.9187662602012212,-0.04934758179400492,
2025-07-22,4.35,3.83,119.681,2.742618052167134,-1.6105418059826266,4.33,1.9187662602012212,-0.4145879923789896,
2025-07-23,4.4,3.88,119.5697,2.742618052167134,-1.6105418059826266,4.33,1.9187662602012212,-0.7936721142195203,
2025-07-24,4.43,3.91,119.5664,2.742618052167134,-1.6105418059826266,4.33,1.9187662602012212,-1.0,
2025-07-25,4.4,3.91,119.9857,2.742618052167134,-1.6105418059826266,4.33,1.9187662602012212,-1.0,
2025-07-28,4.42,3.91,120.6149,2.742618052167134,-1.6105418059826266,4.33,1.9187662602012212,-1.0,
2025-07-29,4.34,3.86,120.9674,2.742618052167134,-1.6105418059826266,4.33,1.9187662602012212,-0.4895483959268436,
2025-07-30,4.38,3.94,121.4042,2.742618052167134,-1.6105418059826266,4.33,1.9187662602012212,-0.9983982800544297,
2025-07-31,4.37,3.94,121.721,2.742618052167134,-1.6105418059826266,4.33,1.9187662602012212,-0.37383795434947703,
2025-08-01,4.23,3.69,121.2122,2.9385917430316155,-87.71669920121869,4.33,1.1886779865559305,,138.98846435546875
2025-08-04,4.22,3.69,120.9859,2.9385917430316155,-87.71669920121869,4.33,1.1886779865559305,1.0,
2025-08-05,4.22,3.72,120.9082,2.9385917430316155,-87.71669920121869,4.33,1.1886779865559305,0.9929850282922523,
2025-08-06,4.22,3.69,120.5082,2.9385917430316155,-87.71669920121869,4.33,1.1886779865559305,0.9234771306709668,
2025-08-07,4.23,3.72,120.5043,2.9385917430316155,-87.71669920121869,4.33,1.1886779865559305,0.7438625502784035,
2025-08-08,4.27,3.76,120.3329,2.9385917430316155,-87.71669920121869,4.33,1.1886779865559305,0.7403559020829539,
2025-08-11,4.27,3.76,120.6892,2.9385917430316155,-87.71669920121869,4.33,1.1886779865559305,0.7366784614394466,
2025-08-12,4.29,3.72,120.2736,2.9385917430316155,-87.71669920121869,4.33,1.1886779865559305,1.0,
2025-08-13,4.24,3.67,120.13,2.9385917430316155,-87.71669920121869,4.33,1.1886779865559305,1.0,
2025-08-14,4.29,3.74,120.6446,2.9385917430316155,-87.71669920121869,4.33,1.1886779865559305,0.8676946980778585,
2025-08-15,4.33,3.75,120.3377,2.9385917430316155,-87.71669920121869,4.33,1.1886779865559305,0.6687919805446016,
2025-08-18,4.34,3.77,120.5622,2.9385917430316155,-87.71669920121869,4.33,1.1886779865559305,0.41240132329405166,
2025-08-19,4.3,3.75,120.7224,2.9385917430316155,-87.71669920121869,4.33,1.1886779865559305,0.41006571027912475,
2025-08-20,4.29,3.74,120.7757,2.9385917430316155,-87.71669920121869,4.33,1.1886779865559305,0.7177153896773563,
2025-08-21,4.33,3.79,121.0843,2.9385917430316155,-87.71669920121869,4.33,1.1886779865559305,0.6164217192026026,
2025-08-22,4.26,3.68,120.2774,2.9385917430316155,-87.71669920121869,4.33,1.1886779865559305,1.0,
2025-08-25,4.28,3.73,120.4214,2.9385917430316155,-87.71669920121869,4.33,1.1886779865559305,0.9025150404420254,
2025-08-26,4.26,3.61,120.5274,2.9385917430316155,-87.71669920121869,4.33,1.1886779865559305,1.0,
2025-08-27,4.24,3.59,120.7274,2.9385917430316155,-87.71669920121869,4.33,1.1886779865559305,1.0,
2025-08-28,4.22,3.62,120.2595,2.9385917430316155,-87.71669920121869,4.33,1.1886779865559305,1.0,
2025-08-29,4.23,3.59,120.2082,2.9385917430316155,-87.71669920121869,4.33,1.1886779865559305,0.45318913800703375,
2025-09-01,,,,3.0225715847133294,16.486876495868593,4.22,1.8631698334008018,,125.86952209472656
2025-09-02,4.28,3.66,120.6837,3.0225715847133294,16.486876495868593,4.22,1.8631698334008018,0.28149995168463515,
2025-09-03,4.22,3.61,120.5052,3.0225715847133294,16.486876495868593,4.22,1.8631698334008018,0.3701799577829068,
2025-09-04,4.17,3.59,120.7629,3.0225715847133294,16.486876495868593,4.22,1.8631698334008018,0.5873973215894399,
2025-09-05,4.1,3.51,120.1282,3.0225715847133294,16.486876495868593,4.22,1.8631698334008018,1.0,
2025-09-08,4.05,3.49,120.0971,3.0225715847133294,16.486876495868593,4.22,1.8631698334008018,1.0,
2025-09-09,4.08,3.54,120.1569,3.0225715847133294,16.486876495868593,4.22,1.8631698334008018,0.7475967097657708,
2025-09-10,4.04,3.54,120.1223,3.0225715847133294,16.486876495868593,4.22,1.8631698334008018,0.5329267149269398,
2025-09-11,4.01,3.52,119.9534,3.0225715847133294,16.486876495868593,4.22,1.8631698334008018,0.8796879869514286,
2025-09-12,4.06,3.56,120.0611,3.0225715847133294,16.486876495868593,4.22,1.8631698334008018,0.7522471621797615,
2025-09-15,4.05,3.54,119.5644,3.0225715847133294,16.486876495868593,4.22,1.8631698334008018,0.8929075218387013,
2025-09-16,4.04,3.51,119.1348,3.0225715847133294,16.486876495868593,4.22,1.8631698334008018,0.905442490238596,
2025-09-17,4.06,3.52,119.1582,3.0225715847133294,16.486876495868593,4.22,1.8631698334008018,0.8102750028085737,
2025-09-18,4.11,3.57,119.6616,3.0225715847133294,16.486876495868593,4.22,1.8631698334008018,0.8000388003008415,
2025-09-19,4.14,3.57,119.7858,3.0225715847133294,16.486876495868593,4.22,1.8631698334008018,0.3949755334164368,
2025-09-22,4.15,3.61,119.8152,3.0225715847133294,16.486876495868593,4.22,1.8631698334008018,0.42794414759913807,
2025-09-23,4.12,3.53,119.6202,3.0225715847133294,16.486876495868593,4.22,1.8631698334008018,0.2805706837232264,
2025-09-24,4.16,3.57,120.1707,3.0225715847133294,16.486876495868593,4.22,1.8631698334008018,0.06948881380827683,
2025-09-25,4.18,3.64,120.5419,3.0225715847133294,16.486876495868593,4.22,1.8631698334008018,-0.07001353704741536,
2025-09-26,4.2,3.63,120.4349,3.0225715847133294,16.486876495868593,4.22,1.8631698334008018,-0.14075596290504372,
2025-09-29,4.15,3.63,120.115,3.0225715847133294,16.486876495868593,4.22,1.8631698334008018,,
2025-09-30,4.16,3.6,120.1368,3.0225715847133294,16.486876495868593,4.22,1.8631698334008018,0.2156175214778132,
2025-10-01,4.12,3.55,120.1502,3.0225715847133294,-106.46362676353316,4.09,1.7593332629600056,0.21547640009192567,153.4799346923828
2025-10-02,4.1,3.55,120.4296,3.0225715847133294,-106.46362676353316,4.09,1.7593332629600056,0.14376519857657363,
2025-10-03,4.13,3.58,120.0881,3.0225715847133294,-106.46362676353316,4.09,1.7593332629600056,-0.2547475056609908,
2025-10-06,4.18,3.6,120.2722,3.0225715847133294,-106.46362676353316,4.09,1.7593332629600056,-0.4068902010707872,
2025-10-07,4.14,3.57,120.4884,,-106.46362676353316,4.09,1.7593332629600056,-0.11404751178511041,
2025-10-08,4.13,3.58,120.7766,,-106.46362676353316,4.09,1.7593332629600056,-0.1543890415930854,
2025-10-09,4.14,3.6,121.0902,,-106.46362676353316,4.09,1.7593332629600056,-0.31697779360963624,
2025-10-10,4.05,3.52,121.1163,,-106.46362676353316,4.09,1.7593332629600056,0.1604295624304157,
2025-10-13,,,,,-106.46362676353316,4.09,1.7593332629600056,,
2025-10-14,4.03,3.48,121.1822,,-106.46362676353316,4.09,1.7593332629600056,0.1213832950666492,
2025-10-15,4.05,3.5,120.8642,,-106.46362676353316,4.09,1.7593332629600056,0.08223883345028707,
2025-10-16,3.99,3.41,120.6698,,-106.46362676353316,4.09,1.7593332629600056,0.6634303206175388,
2025-10-17,4.02,3.46,120.7028,,-106.46362676353316,4.09,1.7593332629600056,0.4682542173187419,
2025-10-20,4.0,3.46,120.6209,,-106.46362676353316,4.09,1.7593332629600056,0.6595915866668963,
2025-10-21,3.98,3.45,120.8895,,-106.46362676353316,4.09,1.7593332629600056,0.3582849386539469,
2025-10-22,3.97,3.45,120.8958,,-106.46362676353316,4.09,1.7593332629600056,0.5698225311924663,
2025-10-23,4.01,3.48,120.9531,,-106.46362676353316,4.09,1.7593332629600056,0.8242462979575734,
2025-10-24,4.02,3.48,120.9345,,-106.46362676353316,4.09,1.7593332629600056,0.7679558276708918,
2025-10-27,4.01,3.48,120.7988,,-106.46362676353316,4.09,1.7593332629600056,0.7643248791110773,
2025-10-28,3.99,3.47,120.6361,,-106.46362676353316,4.09,1.7593332629600056,0.662909673582285,
2025-10-29,4.08,3.59,120.5312,,-106.46362676353316,4.09,1.7593332629600056,-0.20584588494626102,
2025-10-30,4.11,3.61,121.2832,,-106.46362676353316,4.09,1.7593332629600056,-0.31371163111565836,
2025-10-31,4.11,3.6,121.3859,,-106.46362676353316,4.09,1.7593332629600056,-0.10771765945493596,
2025-11-03,4.13,3.6,121.4512,2.988299628363511,6.347043679475204,3.88,1.7543117556713783,-0.0,
2025-11-04,4.1,3.58,121.8271,2.988299628363511,6.347043679475204,3.88,1.7543117556713783,-0.056844903466989095,
2025-11-05,4.17,3.63,121.8482,2.988299628363511,6.347043679475204,3.88,1.7543117556713783,-0.2860646422269038,
2025-11-06,4.11,3.57,121.6948,2.988299628363511,6.347043679475204,3.88,1.7543117556713783,0.1770816013558229,
2025-11-07,4.11,3.55,121.388,2.988299628363511,6.347043679475204,3.88,1.7543117556713783,-0.18402385070027288,
2025-11-10,4.13,3.58,121.2984,2.988299628363511,6.347043679475204,3.88,1.7543117556713783,,
2025-11-11,,,,2.988299628363511,6.347043679475204,3.88,1.7543117556713783,,
2025-11-12,4.08,3.56,121.0458,2.988299628363511,6.347043679475204,3.88,1.7543117556713783,-0.4279535080166937,
2025-11-13,4.11,3.58,120.7725,2.988299628363511,6.347043679475204,3.88,1.7543117556713783,-1.0,
2025-11-14,4.14,3.62,120.9666,2.988299628363511,6.347043679475204,3.88,1.7543117556713783,-1.0,
2025-11-17,4.13,3.6,121.1146,2.988299628363511,6.347043679475204,3.88,1.7543117556713783,-1.0,
2025-11-18,4.12,3.58,121.2127,2.988299628363511,6.347043679475204,3.88,1.7543117556713783,-1.0,
2025-11-19,4.13,3.58,121.4978,2.988299628363511,6.347043679475204,3.88,1.7543117556713783,-1.0,
2025-11-20,4.1,3.55,121.6889,2.988299628363511,6.347043679475204,3.88,1.7543117556713783,-0.6226010725064124,
2025-11-21,4.06,3.51,121.8653,2.988299628363511,6.347043679475204,3.88,1.7543117556713783,-0.2664278714961356,
2025-11-24,4.04,3.46,121.9171,2.988299628363511,6.347043679475204,3.88,1.7543117556713783,0.17508681024154468,
2025-11-25,4.01,3.43,121.6335,2.988299628363511,6.347043679475204,3.88,1.7543117556713783,0.3484316808468805,
2025-11-26,4.0,3.45,121.2437,2.988299628363511,6.347043679475204,3.88,1.7543117556713783,1.0,
2025-11-27,,,,2.988299628363511,6.347043679475204,3.88,1.7543117556713783,,
2025-11-28,4.02,3.47,121.0527,2.988299628363511,6.347043679475204,3.88,1.7543117556713783,1.0,
2025-12-01,4.09,3.54,120.9862,3.00226204316838,-22.422341063880754,3.72,1.1629935222018384,0.5121790860372925,132.48622131347656
2025-12-02,4.09,3.51,121.1467,3.00226204316838,-22.422341063880754,3.72,1.1629935222018384,0.595830878614547,
2025-12-03,4.06,3.49,120.7336,3.00226204316838,-22.422341063880754,3.72,1.1629935222018384,1.0,
2025-12-04,4.11,3.52,120.6766,3.00226204316838,-22.422341063880754,3.72,1.1629935222018384,0.4225733449491461,
2025-12-05,4.14,3.56,120.6863,3.00226204316838,-22.422341063880754,3.72,1.1629935222018384,-0.08451466898983148,
2025-12-08,4.17,3.57,120.776,3.00226204316838,-22.422341063880754,3.72,1.1629935222018384,0.08435399958808897,
2025-12-09,4.18,3.61,120.6832,3.00226204316838,-22.422341063880754,3.72,1.1629935222018384,,
2025-12-10,4.13,3.54,120.6752,3.00226204316838,-22.422341063880754,3.72,1.1629935222018384,0.16757324924667563,
2025-12-11,4.14,3.52,119.98,3.00226204316838,-22.422341063880754,3.72,1.1629935222018384,0.5027860990768034,
2025-12-12,4.19,3.52,120.1442,3.00226204316838,-22.422341063880754,3.72,1.1629935222018384,0.8382719408287708,
2025-12-15,4.18,3.51,119.9561,3.00226204316838,-22.422341063880754,3.72,1.1629935222018384,0.7612455053915218,
2025-12-16,4.15,3.48,119.8902,3.00226204316838,-22.422341063880754,3.72,1.1629935222018384,0.8381612384075147,
2025-12-17,4.16,3.49,120.155,3.00226204316838,-22.422341063880754,3.72,1.1629935222018384,0.7513875083860165,
2025-12-18,4.12,3.46,120.0528,3.00226204316838,-22.422341063880754,3.72,1.1629935222018384,0.7599181601941238,
2025-12-19,4.16,3.48,120.1652,3.00226204316838,-22.422341063880754,3.72,1.1629935222018384,0.2573379978350478,
2025-12-22,4.17,3.44,119.9912,3.00226204316838,-22.422341063880754,3.72,1.1629935222018384,0.17213259316491764,
2025-12-23,4.18,3.48,119.7057,3.00226204316838,-22.422341063880754,3.72,1.1629935222018384,-0.4333835174886587,
2025-12-24,4.15,3.47,119.4372,3.00226204316838,-22.422341063880754,3.72,1.1629935222018384,-0.17208787178376186,
2025-12-25,,,,3.00226204316838,-22.422341063880754,3.72,1.1629935222018384,,
2025-12-26,4.14,3.46,119.4723,3.00226204316838,-22.422341063880754,3.72,1.1629935222018384,0.08512885768577359,
2025-12-29,4.12,3.45,119.5899,3.00226204316838,-22.422341063880754,3.72,1.1629935222018384,0.7676240896045858,
2025-12-30,4.14,3.45,119.4939,3.00226204316838,-22.422341063880754,3.72,1.1629935222018384,0.508474102014446,
2025-12-31,4.18,3.47,119.7456,3.00226204316838,-22.422341063880754,3.72,1.1629935222018384,0.17016485246869406,
2026-01-01,,,,2.8286797395498997,98.85536309427019,3.64,0.9734701648033584,,168.62986755371094
2026-01-02,4.19,3.47,119.6059,2.8286797395498997,98.85536309427019,3.64,0.9734701648033584,0.7688784312951131,
2026-01-05,4.17,3.46,119.6192,2.8286797395498997,98.85536309427019,3.64,0.9734701648033584,0.9409492469135897,
2026-01-06,4.18,3.47,119.7807,2.8286797395498997,98.85536309427019,3.64,0.9734701648033584,1.0,
2026-01-07,4.15,3.47,119.8719,2.8286797395498997,98.85536309427019,3.64,0.9734701648033584,0.5948866829485513,
2026-01-08,4.19,3.49,120.0904,2.8286797395498997,98.85536309427019,3.64,0.9734701648033584,0.26206835218040825,
2026-01-09,4.18,3.54,120.2215,2.8286797395498997,98.85536309427019,3.64,0.9734701648033584,-0.17590168335791034,
2026-01-12,4.19,3.54,119.9958,2.8286797395498997,98.85536309427019,3.64,0.9734701648033584,-0.2658469886722185,
2026-01-13,4.18,3.53,120.1401,2.8286797395498997,98.85536309427019,3.64,0.9734701648033584,-0.44886519346274273,
2026-01-14,4.15,3.51,119.9537,2.8286797395498997,98.85536309427019,3.64,0.9734701648033584,-0.1820792639421195,
2026-01-15,4.17,3.56,119.9951,2.8286797395498997,98.85536309427019,3.64,0.9734701648033584,-0.9106315971723404,
2026-01-16,4.24,3.59,120.0838,2.8286797395498997,98.85536309427019,3.64,0.9734701648033584,-0.9933165056269349,
2026-01-19,,,,2.8286797395498997,98.85536309427019,3.64,0.9734701648033584,,
2026-01-20,4.3,3.6,119.4455,2.8286797395498997,98.85536309427019,3.64,0.9734701648033584,-1.0,
2026-01-21,4.26,3.6,119.3431,2.8286797395498997,98.85536309427019,3.64,0.9734701648033584,-1.0,
2026-01-22,4.26,3.61,119.1962,2.8286797395498997,98.85536309427019,3.64,0.9734701648033584,,
2026-01-23,4.24,3.6,118.8976,2.8286797395498997,98.85536309427019,3.64,0.9734701648033584,-1.0,
2026-01-26,4.22,3.56,118.0525,2.8286797395498997,98.85536309427019,3.64,0.9734701648033584,-0.9909770444877796,
2026-01-27,4.24,3.53,117.4523,2.8286797395498997,98.85536309427019,3.64,0.9734701648033584,-0.7272180923541267,
2026-01-28,4.26,3.56,117.5117,2.8286797395498997,98.85536309427019,3.64,0.9734701648033584,-0.8440997823735407,
2026-01-29,4.24,3.53,117.4396,2.8286797395498997,98.85536309427019,3.64,0.9734701648033584,,
2026-01-30,4.26,3.52,117.8996,2.8286797395498997,98.85536309427019,3.64,0.9734701648033584,-0.4734072332775825,
2026-02-02,4.29,3.57,118.3609,2.6645890876940914,-103.90835487112838,3.64,0.7972359848188892,-1.0,
2026-02-03,4.28,3.57,117.9764,2.6645890876940914,-103.90835487112838,3.64,0.7972359848188892,-0.9517841196972637,
2026-02-04,4.29,3.57,118.2602,2.6645890876940914,-103.90835487112838,3.64,0.7972359848188892,-0.9491691011080382,
2026-02-05,4.21,3.47,118.5034,2.6645890876940914,-103.90835487112838,3.64,0.7972359848188892,0.1902136564389472,
2026-02-06,4.22,3.5,118.2407,2.6645890876940914,-103.90835487112838,3.64,0.7972359848188892,0.39298135655544525,
2026-02-09,4.22,3.48,117.6392,2.6645890876940914,-103.90835487112838,3.64,0.7972359848188892,0.600690801578575,
2026-02-10,4.16,3.45,117.5216,2.6645890876940914,-103.90835487112838,3.64,0.7972359848188892,0.8003118705864884,
2026-02-11,4.18,3.52,117.4601,2.6645890876940914,-103.90835487112838,3.64,0.7972359848188892,-0.10164490847808724,
2026-02-12,4.09,3.47,117.5376,2.6645890876940914,-103.90835487112838,3.64,0.7972359848188892,0.913237058790091,
2026-02-13,4.04,3.4,117.5258,2.6645890876940914,-103.90835487112838,3.64,0.7972359848188892,1.0,
2026-02-16,,,,2.6645890876940914,-103.90835487112838,3.64,0.7972359848188892,,
2026-02-17,4.05,3.43,117.7375,2.6645890876940914,-103.90835487112838,3.64,0.7972359848188892,1.0,
2026-02-18,4.09,3.47,117.8426,2.6645890876940914,-103.90835487112838,3.64,0.7972359848188892,1.0,
2026-02-19,4.08,3.47,118.2354,2.6645890876940914,-103.90835487112838,3.64,0.7972359848188892,1.0,
2026-02-20,4.08,3.48,117.9917,2.6645890876940914,-103.90835487112838,3.64,0.7972359848188892,1.0,
2026-02-23,4.03,3.43,117.9395,2.6645890876940914,-103.90835487112838,3.64,0.7972359848188892,1.0,
2026-02-24,4.04,3.43,117.9463,2.6645890876940914,-103.90835487112838,3.64,0.7972359848188892,0.9453717029880107,
2026-02-25,4.05,3.45,117.769,2.6645890876940914,-103.90835487112838,3.64,0.7972359848188892,1.0,
2026-02-26,4.02,3.42,117.9042,2.6645890876940914,-103.90835487112838,3.64,0.7972359848188892,1.0,
2026-02-27,3.97,3.38,117.8223,2.6645890876940914,-103.90835487112838,3.64,0.7972359848188892,1.0,
2026-03-02,4.05,3.47,118.667,3.3202055812236786,102.4137088293581,3.64,0.706549063542905,0.8935827481324402,
2026-03-03,4.06,3.51,119.4341,3.3202055812236786,102.4137088293581,3.64,0.706549063542905,0.556177643741025,
2026-03-04,4.09,3.54,119.0705,3.3202055812236786,102.4137088293581,3.64,0.706549063542905,0.2780888218705104,
2026-03-05,4.13,3.57,119.5683,3.3202055812236786,102.4137088293581,3.64,0.706549063542905,-0.9138258024083139,
2026-03-06,4.15,3.56,119.491,3.3202055812236786,102.4137088293581,3.64,0.706549063542905,-0.5429746585718774,
2026-03-09,4.12,3.56,119.5151,3.3202055812236786,102.4137088293581,3.64,0.706549063542905,-0.7165922840091676,
2026-03-10,4.15,3.57,118.7255,3.3202055812236786,102.4137088293581,3.64,0.706549063542905,-1.0,
2026-03-11,4.21,3.64,119.2885,3.3202055812236786,102.4137088293581,3.64,0.706549063542905,-1.0,
2026-03-12,4.27,3.76,119.8227,3.3202055812236786,102.4137088293581,3.64,0.706549063542905,-1.0,
2026-03-13,4.28,3.73,120.5518,3.3202055812236786,102.4137088293581,3.64,0.706549063542905,-1.0,
2026-03-16,4.23,3.68,120.097,3.3202055812236786,102.4137088293581,3.64,0.706549063542905,,
2026-03-17,4.2,3.68,119.8328,3.3202055812236786,102.4137088293581,3.64,0.706549063542905,-1.0,
2026-03-18,4.26,3.76,119.9276,3.3202055812236786,102.4137088293581,3.64,0.706549063542905,-1.0,
2026-03-19,4.25,3.79,120.1802,3.3202055812236786,102.4137088293581,3.64,0.706549063542905,-1.0,
2026-03-20,4.39,3.88,120.2757,3.3202055812236786,102.4137088293581,3.64,0.706549063542905,-1.0,
2026-03-23,4.34,3.83,119.9371,3.3202055812236786,102.4137088293581,3.64,0.706549063542905,-1.0,
2026-03-24,4.39,3.9,120.1295,3.3202055812236786,102.4137088293581,3.64,0.706549063542905,-1.0,
2026-03-25,4.33,3.84,120.1282,3.3202055812236786,102.4137088293581,3.64,0.706549063542905,-1.0,
2026-03-26,4.42,3.96,120.389,3.3202055812236786,102.4137088293581,3.64,0.706549063542905,-1.0,
2026-03-27,4.44,3.88,120.8851,3.3202055812236786,102.4137088293581,3.64,0.706549063542905,-1.0,
2026-03-30,4.35,3.82,121.2851,3.3202055812236786,102.4137088293581,3.64,0.706549063542905,-1.0,
2026-03-31,4.3,3.79,121.035,3.3202055812236786,102.4137088293581,3.64,0.706549063542905,-0.9849893653506221,
2026-04-01,4.33,3.81,120.1198,3.9470269087042764,63.41112744038314,3.64,1.3763758567121531,-0.935953143748681,250.28366088867188
2026-04-02,4.31,3.79,120.503,3.9470269087042764,63.41112744038314,3.64,1.3763758567121531,-0.7540921257927379,
2026-04-03,4.35,3.84,120.6565,3.9470269087042764,63.41112744038314,3.64,1.3763758567121531,-0.9391144635293194,
2026-04-06,4.34,3.84,120.4302,3.9470269087042764,63.41112744038314,3.64,1.3763758567121531,-0.9208345943082171,
2026-04-07,4.33,3.81,120.32,3.9470269087042764,63.41112744038314,3.64,1.3763758567121531,-0.7794668511216754,
2026-04-08,4.29,3.79,119.0596,3.9470269087042764,63.41112744038314,3.64,1.3763758567121531,-0.4836878533952279,
2026-04-09,4.29,3.78,118.8998,3.9470269087042764,63.41112744038314,3.64,1.3763758567121531,-0.0639749938768106,
2026-04-10,4.31,3.81,118.8552,3.9470269087042764,63.41112744038314,3.64,1.3763758567121531,-0.25285375351902933,
2026-04-13,4.3,3.78,118.9916,3.9470269087042764,63.41112744038314,3.64,1.3763758567121531,-0.31622628746375,
2026-04-14,4.26,3.76,118.3581,3.9470269087042764,63.41112744038314,3.64,1.3763758567121531,-0.2515734640646009,
2026-04-15,4.29,3.76,118.3623,3.9470269087042764,63.41112744038314,3.64,1.3763758567121531,-0.0,
2026-04-16,4.32,3.78,118.3616,3.9470269087042764,63.41112744038314,3.64,1.3763758567121531,0.031068453245899373,
2026-04-17,4.26,3.71,118.0795,3.9470269087042764,63.41112744038314,3.64,1.3763758567121531,0.5274702308946991,
2026-04-20,4.26,3.72,118.2374,3.9470269087042764,63.41112744038314,3.64,1.3763758567121531,0.341279688693569,
2026-04-21,4.3,3.78,118.4331,3.9470269087042764,63.41112744038314,3.64,1.3763758567121531,0.3715533707315974,
2026-04-22,4.3,3.79,118.6004,3.9470269087042764,63.41112744038314,3.64,1.3763758567121531,0.15415574756280248,
2026-04-23,4.34,3.83,118.7155,3.9470269087042764,63.41112744038314,3.64,1.3763758567121531,0.39856596754728185,
2026-04-24,4.31,3.78,118.7294,3.9470269087042764,63.41112744038314,3.64,1.3763758567121531,0.30690499480907796,
2026-04-27,4.35,3.78,118.5458,3.9470269087042764,63.41112744038314,3.64,1.3763758567121531,0.12251297987630153,
2026-04-28,4.36,3.84,118.7717,3.9470269087042764,63.41112744038314,3.64,1.3763758567121531,-0.15206009188782513,
2026-04-29,4.42,3.92,119.0975,3.9470269087042764,63.41112744038314,3.64,1.3763758567121531,-0.3290255963807435,
2026-04-30,4.4,3.88,118.671,3.9470269087042764,63.41112744038314,3.64,1.3763758567121531,-0.2692604940635556,
2026-05-01,4.39,3.88,118.3926,4.270032656680245,16.976958270759173,3.63,1.529631408748533,-0.1194625314799196,203.5819854736328
2026-05-04,4.45,3.95,118.8264,4.270032656680245,16.976958270759173,3.63,1.529631408748533,-0.32614923849391153,
2026-05-05,4.43,3.93,118.6207,4.270032656680245,16.976958270759173,3.63,1.529631408748533,-0.3566092205771588,
2026-05-06,4.36,3.87,118.0982,4.270032656680245,16.976958270759173,3.63,1.529631408748533,-0.23823924757076279,
2026-05-07,4.41,3.92,118.0116,4.270032656680245,16.976958270759173,3.63,1.529631408748533,-0.4188378258242472,
2026-05-08,4.38,3.9,118.0392,4.270032656680245,16.976958270759173,3.63,1.529631408748533,-0.2752353144702051,
2026-05-11,4.42,3.95,118.0562,4.270032656680245,16.976958270759173,3.63,1.529631408748533,-0.5160521320157155,
2026-05-12,4.46,4.0,118.5238,4.270032656680245,16.976958270759173,3.63,1.529631408748533,-0.7331051491524114,
2026-05-13,4.46,3.98,118.4737,4.270032656680245,16.976958270759173,3.63,1.529631408748533,-0.6756007689274774,
2026-05-14,4.47,4.0,118.6696,4.270032656680245,16.976958270759173,3.63,1.529631408748533,-0.6790805467903646,
2026-05-15,4.59,4.09,119.2825,4.270032656680245,16.976958270759173,3.63,1.529631408748533,-1.0,
2026-05-18,4.61,4.07,119.0574,4.270032656680245,16.976958270759173,3.63,1.529631408748533,-1.0,
2026-05-19,4.67,4.13,119.451,4.270032656680245,16.976958270759173,3.63,1.529631408748533,-1.0,
2026-05-20,4.57,4.04,119.1624,4.270032656680245,16.976958270759173,3.63,1.529631408748533,-0.7848703084400749,
2026-05-21,4.57,4.08,119.369,4.270032656680245,16.976958270759173,3.63,1.529631408748533,-0.8036378509702294,
2026-05-22,4.56,4.13,119.2868,4.270032656680245,16.976958270759173,3.63,1.529631408748533,-1.0,
2026-05-25,,,,4.270032656680245,16.976958270759173,3.63,1.529631408748533,,
2026-05-26,4.5,4.01,119.1696,4.270032656680245,16.976958270759173,3.63,1.529631408748533,-0.6053691840716389,
2026-05-27,4.48,4.0,119.1829,4.270032656680245,16.976958270759173,3.63,1.529631408748533,-0.2930880102448441,
2026-05-28,4.45,3.99,119.0318,4.270032656680245,16.976958270759173,3.63,1.529631408748533,-0.41376958566006783,
2026-05-29,4.45,3.98,118.8783,4.270032656680245,16.976958270759173,3.63,1.529631408748533,-0.3896796733066778,
2026-06-01,4.47,4.05,119.1653,3.7265298484186804,-7.103138796797073,3.63,1.2892386071926554,-0.4013698570446466,179.9416961669922
2026-06-02,4.46,4.05,119.0359,3.7265298484186804,-7.103138796797073,3.63,1.2892386071926554,-0.49759642566845586,
2026-06-03,4.49,4.08,119.3848,3.7265298484186804,-7.103138796797073,3.63,1.2892386071926554,-0.8785983016440838,
2026-06-04,4.47,4.05,119.3615,3.7265298484186804,-7.103138796797073,3.63,1.2892386071926554,-0.5397782137969901,
2026-06-05,4.55,4.17,120.0831,3.7265298484186804,-7.103138796797073,3.63,1.2892386071926554,-1.0,
2026-06-08,4.56,4.15,120.034,3.7265298484186804,-7.103138796797073,3.63,1.2892386071926554,-0.7977632440340484,
2026-06-09,4.53,4.13,119.9617,3.7265298484186804,-7.103138796797073,3.63,1.2892386071926554,-0.5185027162474463,
2026-06-10,4.55,4.13,119.9134,3.7265298484186804,-7.103138796797073,3.63,1.2892386071926554,-0.5903642291083502,
2026-06-11,4.45,4.05,120.1174,3.7265298484186804,-7.103138796797073,3.63,1.2892386071926554,-0.19663077314933008,
2026-06-12,4.48,4.09,119.5073,3.7265298484186804,-7.103138796797073,3.63,1.2892386071926554,-0.0,
2026-06-15,4.47,4.07,119.3158,3.7265298484186804,-7.103138796797073,3.63,1.2892386071926554,-0.0,
2026-06-16,4.43,4.05,119.256,3.7265298484186804,-7.103138796797073,3.63,1.2892386071926554,0.30609067027177944,
2026-06-17,4.49,4.2,119.3871,3.7265298484186804,-7.103138796797073,3.63,1.2892386071926554,-0.593603081269463,
2026-06-18,4.46,4.19,120.3958,3.7265298484186804,-7.103138796797073,3.63,1.2892386071926554,-0.396379690733754,
2026-06-19,,,,3.7265298484186804,-7.103138796797073,3.63,1.2892386071926554,,
2026-06-22,4.51,4.24,120.5463,3.7265298484186804,-7.103138796797073,3.63,1.2892386071926554,,
2026-06-23,4.5,4.16,121.0552,3.7265298484186804,-7.103138796797073,3.63,1.2892386071926554,-0.5162554300973908,
2026-06-24,4.41,4.11,121.412,3.7265298484186804,-7.103138796797073,3.63,1.2892386071926554,-0.3782784188765441,
2026-06-25,4.4,4.09,121.0559,3.7265298484186804,-7.103138796797073,3.63,1.2892386071926554,-0.34577967273359256,
2026-06-26,4.38,4.07,120.8866,3.7265298484186804,-7.103138796797073,3.63,1.2892386071926554,-0.31189256829463624,
2026-06-29,4.38,4.1,120.9525,3.7265298484186804,-7.103138796797073,3.63,1.2892386071926554,-0.1732998397157457,
2026-06-30,4.44,4.14,120.9248,3.7265298484186804,-7.103138796797073,3.63,1.2892386071926554,-0.3120070635994399,
2026-07-01,4.48,4.17,121.1455,3.5397514271936714,-25.652548394636014,3.63,1.0794551200266955,-0.3121968818060184,167.53224182128906
2026-07-02,4.49,4.14,120.6902,3.5397514271936714,-25.652548394636014,3.63,1.0794551200266955,-0.31491550043770755,
2026-07-03,,,,3.5397514271936714,-25.652548394636014,3.63,1.0794551200266955,,
2026-07-06,4.48,4.13,120.835,3.5397514271936714,-25.652548394636014,3.63,1.0794551200266955,0.07133206514948638,
2026-07-07,4.55,4.19,120.8145,3.5397514271936714,-25.652548394636014,3.63,1.0794551200266955,-0.2165038780997997,
2026-07-08,4.56,4.21,121.1307,3.5397514271936714,-25.652548394636014,3.63,1.0794551200266955,-0.29201430319624866,
2026-07-09,4.54,4.16,120.753,3.5397514271936714,-25.652548394636014,3.63,1.0794551200266955,-0.40890238211984775,
2026-07-10,4.56,4.21,120.5046,3.5397514271936714,-25.652548394636014,3.63,1.0794551200266955,-0.4616463018285033,
2026-07-13,4.62,4.26,120.7413,3.5397514271936714,-25.652548394636014,3.63,1.0794551200266955,-0.7510674156476009,
2026-07-14,4.58,4.18,120.4728,3.5397514271936714,-25.652548394636014,3.63,1.0794551200266955,-0.5293734231399999,
2026-07-15,4.55,4.13,120.3088,3.5397514271936714,-25.652548394636014,3.63,1.0794551200266955,0.2961116045963005,
2026-07-16,4.57,4.16,120.331,3.5397514271936714,-25.652548394636014,3.63,1.0794551200266955,0.13035575479169195,
2026-07-17,4.55,4.18,120.5315,3.5397514271936714,-25.652548394636014,3.63,1.0794551200266955,,
2026-07-20,4.6,4.21,120.5401,3.5397514271936714,-25.652548394636014,3.63,1.0794551200266955,0.14374419434639157,
2026-07-21,4.63,4.26,120.5779,3.5397514271936714,-25.652548394636014,3.63,1.0794551200266955,-0.4886883801386031,
2026-07-22,4.67,4.31,120.5736,3.5397514271936714,-25.652548394636014,3.63,1.0794551200266955,-0.9585428539676693,
2026-07-23,4.71,4.37,120.9075,3.5397514271936714,-25.652548394636014,3.63,1.0794551200266955,-1.0,
2026-07-24,4.69,4.33,120.7105,3.5397514271936714,-25.652548394636014,3.63,1.0794551200266955,-1.0,
2026-07-27,4.65,4.31,120.7739,3.5397514271936714,-25.652548394636014,3.63,1.0794551200266955,-0.9671247244064936,
2026-07-28,4.61,4.26,120.6247,3.5397514271936714,-25.652548394636014,3.63,1.0794551200266955,-0.5580529309985792,
2026-07-29,4.67,4.22,120.7892,3.5397514271936714,-25.652548394636014,3.63,1.0794551200266955,-0.24260359074458418,
2026-07-30,4.68,4.23,119.6753,3.5397514271936714,-25.652548394636014,3.63,1.0794551200266955,-0.4487938703100067,
2026-07-31,4.75,4.28,119.7034,3.5397514271936714,-25.652548394636014,3.63,1.0794551200266955,,
2026-08-03,4.7,4.25,119.6951,3.5397514271936714,-25.652548394636014,3.63,1.0794551200266955,-0.6298540523764646,
2026-08-04,4.63,4.2,119.5977,3.5397514271936714,-25.652548394636014,3.63,1.0794551200266955,-0.053387488666988836,
2026-08-05,4.63,4.18,119.3881,3.5397514271936714,-25.652548394636014,3.63,1.0794551200266955,0.16464576853085952,
2026-08-06,4.69,4.25,119.5113,,,3.63,,-0.5006918165520109,
2026-08-07,4.65,4.19,119.0649,,,3.63,,0.11158556171208951,
2026-08-10,4.72,4.25,119.1187,,,3.63,,0.05569120518072823,
2026-08-11,4.7,4.22,119.179,,,3.63,,-0.22200509052662246,
2026-08-12,4.68,4.2,119.1179,,,3.63,,-0.39409814957531347,
2026-08-13,4.63,4.15,119.1848,,,3.63,,0.05672400015035602,
2026-08-14,4.68,4.17,118.9028,,,3.63,,0.056791821701140874,
2026-08-17,4.72,4.19,118.814,,,3.63,,0.1145011588538907,
2026-08-18,4.71,4.19,118.9831,,,3.63,,0.41205678398121254,
2026-08-19,4.65,4.19,118.3328,,,3.63,,0.7316784185513422,
2026-08-20,4.69,4.19,118.2548,,,3.63,,1.0,
2026-08-21,4.74,4.24,118.0628,,,3.63,,0.6040964228073242,
2026-08-24,4.7,4.24,118.3195,,,3.63,,0.47997643464053413,
2026-08-25,4.64,4.17,118.2283,,,3.63,,0.6356044936266818,
2026-08-26,4.66,4.19,118.4461,,,3.63,,0.21601617163087233,
2026-08-27,4.67,4.2,118.3583,,,3.63,,0.22367145637063085,
2026-08-28,4.73,4.34,118.7479,,,3.63,,-0.4290656867954669,
2026-08-31,4.75,4.34,,,,3.63,,-0.6217274246250657,
2026-09-01,,,,,,3.63,,,
2026-09-02,,,,,,3.63,,,
