,wti,brent,diesel
2023-08-30,74.99999999999997,78.39999999999998,6690.87531969362
2023-08-31,74.49071614951322,77.93485441103672,6622.5720851812075
2023-09-01,72.04582205241354,75.52275195938721,6633.95301365405
2023-09-04,71.36141726317722,74.79116734567415,6592.472912641354
2023-09-05,69.92161791573896,73.43922943089636,6593.78108035723
2023-09-06,69.69342429839777,73.13687822693664,6557.310391129401
2023-09-07,68.69193328279374,72.08740172317316,6506.647465746425
2023-09-08,68.5526984494176,72.07921685357297,6518.291286575138
2023-09-11,68.22352382389506,71.81573323094449,6505.111990044645
2023-09-12,66.70451877502589,70.26232115539254,6445.074110230031
2023-09-13,68.00467999691719,71.58073876264433,6416.627437925629
2023-09-14,68.06331207121697,71.6464724535342,6339.5018790564245
2023-09-15,66.4547900526128,69.81280651426232,6338.820432549949
2023-09-18,69.13263806200172,72.41939611384389,6335.327980518216
2023-09-19,70.58427292202373,73.87036050294189,6358.33828474878
2023-09-20,72.2228845806902,75.48386061605608,6344.635897062115
2023-09-21,73.10069953672271,76.38561449621405,6378.058393062687
2023-09-22,73.47666071435941,76.85538681010183,6384.700415473588
2023-09-25,73.61326128675194,76.96690273684978,6447.481383969554
2023-09-26,71.99629950658404,75.2667193294891,6480.243803894879
2023-09-27,74.33044441929498,77.63073978019378,6511.311728521448
2023-09-28,73.37645482306,76.65361145644641,6527.342151711782
2023-09-29,74.60092757211983,77.8692844264389,6528.633794644243
2023-10-02,76.35833640502192,79.60730065617918,6590.3130951246
2023-10-03,76.12453870513757,79.55738105276099,6625.6083103608025
2023-10-04,75.76365710876343,79.0162578450783,6644.147615082945
2023-10-05,74.70640332096572,77.93235932294054,6664.965831314546
2023-10-06,74.79655911433807,78.02744131420177,6707.121634337023
2023-10-09,75.86472784759334,79.03819218207852,6701.618213856086
2023-10-10,73.69966774638684,76.95191421740772,6662.306241075979
2023-10-11,75.43629422983379,78.7580339210216,6712.785756644199
2023-10-12,76.37338171578564,79.69364884675875,6727.695390115329
2023-10-13,76.36243305915602,79.66343827577244,6698.219061316743
2023-10-16,77.27726168977229,80.57228020315168,6747.763650673731
2023-10-17,78.82256552115827,82.11235054684445,6733.960675541713
2023-10-18,81.16790187904063,84.45472351170616,6728.54530911801
2023-10-19,83.11157192660923,86.38674898217346,6823.297775111294
2023-10-20,81.44872985584439,84.74784754490908,6851.962933256414
2023-10-23,81.29751930826644,84.65992043184542,6869.1429347335825
2023-10-24,82.38835666474715,85.65346494281087,6919.847564074869
2023-10-25,80.40288947331086,83.58799139109402,6926.149453479866
2023-10-26,78.21872705555349,81.27039447344447,6971.34228577056
2023-10-27,76.79205541259235,79.92348459997521,6954.5202404394395
2023-10-30,78.0221764252512,81.18168860046782,6963.547541202102
2023-10-31,77.72777166371307,80.93491987494781,6962.692798989675
2023-11-01,78.95100037613952,82.04957428196813,6908.1372654376355
2023-11-02,83.27978183432181,86.53019437280598,6916.11051958646
2023-11-03,82.41254959926806,85.61874168894607,6884.094436981969
2023-11-06,84.40644729647305,87.63191008802963,6976.749323425234
2023-11-07,87.29776518850171,90.59681486916587,6952.98356897284
2023-11-08,88.0081438261633,91.23126363594385,7030.536622108555
2023-11-09,89.54450779554081,92.72922806234692,7097.218097427963
2023-11-10,89.61207731388808,92.81758971465807,7171.3318973966325
2023-11-13,88.74766217235064,92.18760704713472,7176.887179779174
2023-11-14,89.69289117791044,93.15572768587916,7273.596377574048
2023-11-15,92.21606946513863,95.80552976991873,7396.479082309023
2023-11-16,94.27069147275056,97.95092182000262,7457.874699454438
2023-11-17,94.05643819823905,97.75770243799312,7500.0318194690335
2023-11-20,97.3079124195134,100.92100307034438,7550.164730090573
2023-11-21,96.87079286120681,100.56227108137833,7561.548547778408
2023-11-22,96.69615383580957,100.2590388820441,7661.215870109348
2023-11-23,96.19037571390061,99.87644421864226,7671.760655278685
2023-11-24,96.149661183101,99.84314805735787,7730.627226128793
2023-11-27,94.53087400289867,98.00353838714398,7724.128620896705
2023-11-28,97.87622436018279,101.31946832529819,7781.013808071397
2023-11-29,97.89493481642094,101.38919728825671,7820.715419191547
2023-11-30,95.3689891106131,98.84146179845062,7827.942143667893
2023-12-01,94.0484508366563,97.57594980873819,7834.730613926533
2023-12-04,94.39609429339299,97.85176636289543,7785.168141715676
2023-12-05,91.79610606939569,95.14562938699005,7733.159855721403
2023-12-06,93.86397999633678,97.2093019821595,7809.422549958568
2023-12-07,92.3199436644555,95.66943124408672,7814.044674086266
2023-12-08,90.47206448697509,93.79519669113239,7719.186855894322
2023-12-11,88.73790349459495,92.16152502435891,7634.2166515634935
2023-12-12,88.87848499954961,92.23338129340954,7603.782894534167
2023-12-13,89.20175430107956,92.58305695471027,7596.785256339633
2023-12-14,84.98552062481124,88.37282179652613,7567.006477954511
2023-12-15,87.43929729486068,90.70244215525322,7454.36311189673
2023-12-18,86.56789735194091,89.7296254518282,7444.548897281201
2023-12-19,83.74039888764179,86.91022802583235,7411.013258060691
2023-12-20,83.85182191606746,87.18705218000727,7378.255176533882
2023-12-21,83.8135531846247,87.19706812559821,7298.499821578148
2023-12-22,81.47312138270102,84.71908008943376,7215.686929184082
2023-12-25,81.9845550932466,84.98629599356781,7241.553764027643
2023-12-26,79.98259406914205,83.05492702989397,7207.916541731921
2023-12-27,79.51212557729346,82.58659147058857,7121.030704685034
2023-12-28,78.47031451565904,81.64584770971612,7099.714219327291
2023-12-29,79.18110268149253,82.29291244607099,7030.90104103028
2024-01-01,79.83717989030248,82.98565236177227,6985.310271000472
2024-01-02,78.54903702827245,81.77274920264037,7010.837346234343
2024-01-03,80.62638798052292,83.81959169860329,6975.365059919585
2024-01-04,81.84591849225636,85.01123925317583,6966.783946412667
2024-01-05,79.29519784663549,82.46958001121524,6983.0952372224365
2024-01-08,76.79892563283744,80.02349044020463,6886.270497378513
2024-01-09,76.44975477167098,79.6784359144562,6882.570524264085
2024-01-10,76.28042787596311,79.59216829148554,6886.498477534622
2024-01-11,78.4379741578105,81.7154075457259,6866.978782118655
2024-01-12,76.53249695427418,79.70733572411505,6890.517914253378
2024-01-15,75.48321932439707,78.82297096059177,6842.110902199574
2024-01-16,75.25901068032594,78.55219906851141,6803.293258712642
2024-01-17,72.08014273275451,75.331060102597,6787.829620626399
2024-01-18,70.79948392059707,74.0496095036585,6733.336369664264
2024-01-19,69.04916716676738,72.30916347110929,6700.605188516914
2024-01-22,69.50967863929597,72.74294036310856,6648.03191091832
2024-01-23,69.64309767134785,72.87996683169014,6614.23871967244
2024-01-24,67.41660263664217,70.65518474365993,6563.748665407204
2024-01-25,64.04023729088428,67.29764748085317,6475.1148602640815
2024-01-26,62.06522451224131,65.13831339979215,6385.5001738381225
2024-01-29,60.95319451122212,64.18656083670707,6334.6573316019985
2024-01-30,60.37831570470057,63.604897975338204,6240.89561502729
2024-01-31,61.00643327756756,64.28466788964182,6233.33713219844
2024-02-01,60.601648205858254,63.77328767224757,6170.728393965556
2024-02-02,60.11614261736251,63.25695287886021,6105.88073336614
2024-02-05,60.54688129589964,63.64168198024677,6052.042649595301
2024-02-06,60.1413933560079,63.36292792098531,5991.043667073385
2024-02-07,58.56668102296213,61.74670446244334,5916.593219612287
2024-02-08,58.24640194691335,61.493671082165335,5911.139692967601
2024-02-09,55.716189437688094,58.91600686266866,5886.120037983353
2024-02-12,55.059155210566146,58.22876859762498,5857.965962662465
2024-02-13,55.62818695233248,58.78506792456349,5838.347445347713
2024-02-14,55.194276963594206,58.46115911680464,5818.328969904894
2024-02-15,56.34198003661871,59.46166751251042,5758.442782830121
2024-02-16,55.55971323619011,58.582557003383116,5734.287797515733
2024-02-19,57.790298755619226,60.66867279654125,5767.739170396815
2024-02-20,58.25826268586492,61.065285335978366,5740.0982968835
2024-02-21,57.07344477950971,59.833328746024385,5703.521097131734
2024-02-22,57.58545673723858,60.23538568443058,5703.426584363609
2024-02-23,56.66557237865895,59.27927163770602,5705.427104451484
2024-02-26,56.37357820900108,58.84968933180207,5711.738792495291
2024-02-27,57.51791137138059,59.94030006259614,5727.864926987141
2024-02-28,58.348021229676675,60.89577189214857,5787.880180689654
2024-02-29,58.33423146083026,60.939836649050484,5741.861164488377
2024-03-01,59.201651279276945,61.84608572562436,5769.8154217738775
2024-03-04,59.442998506660985,62.02987763511565,5722.810366647371
2024-03-05,60.33984434667265,62.8282303045501,5759.699183908675
2024-03-06,61.50832503879579,63.93292693189417,5820.790328272121
2024-03-07,61.75289306856514,64.20330011871889,5822.413203065827
2024-03-08,58.36134250899268,60.90969149001995,5719.3737768207
2024-03-11,58.07366240015959,60.71975030512687,5847.076131884981
2024-03-12,58.05669270752814,60.77584696434507,5880.49686261329
2024-03-13,58.297164225643286,60.977739305630266,5789.556123268322
2024-03-14,58.381536854340375,61.08565866852007,5872.38607475223
2024-03-15,57.936720897311055,60.636011654662376,5765.938795481794
2024-03-18,58.42250465718844,61.12672151073964,5847.725459619894
2024-03-19,57.61495382614111,60.50301440584256,5813.51261963013
2024-03-20,57.71145875585038,60.473917499200496,5741.156411547134
2024-03-21,56.83449235225584,59.59730318803168,5781.860423003292
2024-03-22,58.98701706092937,61.86588348420762,5803.15002989598
2024-03-25,58.471661650233216,61.24889076121044,5787.73617322396
2024-03-26,57.74411565137851,60.488528095005115,5791.338495173493
2024-03-27,57.13706681326141,59.85882380377381,5762.469459051673
2024-03-28,57.77840348015696,60.502644583189664,5725.974097723395
2024-03-29,56.96995606486987,59.586793362043096,5779.393162948853
2024-04-01,56.602565903595476,59.290520966680546,5794.117167437343
2024-04-02,55.472275856566725,58.234895250360296,5767.935418224462
2024-04-03,55.08954469799168,57.91195553597288,5683.049778226147
2024-04-04,55.76448167591074,58.53459029480921,5688.367094327386
2024-04-05,56.95011283948068,59.74603906307519,5692.63809491878
2024-04-08,57.6681830248682,60.41027624258935,5671.215346807327
2024-04-09,57.58147539328616,60.31669808161395,5707.694125005669
2024-04-10,57.12755255891012,60.05499600076175,5716.6927510023215
2024-04-11,57.21054774608567,60.15982351488945,5673.275293666279
2024-04-12,56.16140049547195,59.02919586513264,5720.732432447624
2024-04-15,55.58361510592939,58.48180344175337,5712.4799113553045
2024-04-16,57.096761010873415,59.90186002253761,5694.97587022323
2024-04-17,54.34337021905034,57.070395428963415,5699.156146807681
2024-04-18,54.1272882602751,56.79121286301488,5649.57124433005
2024-04-19,50.941001874266995,53.59146398274893,5654.287124806318
2024-04-22,50.087910221445824,52.83581598632043,5622.388975376035
2024-04-23,50.08693493191286,52.900675379682575,5587.230723540421
2024-04-24,51.25237899646833,54.12554685706474,5560.885597012049
2024-04-25,51.34941050705794,54.15046936658921,5526.455889436117
2024-04-26,51.57211232873519,54.347834274045674,5490.782195566366
2024-04-29,52.647164334929535,55.46337471043136,5487.092214562832
2024-04-30,52.80066154592975,55.58412001133544,5480.1279360858925
2024-05-01,55.533594493969446,58.31327989018889,5462.659200242809
2024-05-02,55.036682629756214,57.870286159491464,5477.336097186444
2024-05-03,56.549565015311686,59.37225862465878,5496.504609323684
2024-05-06,57.83715606019469,60.69525362838952,5527.342827748288
2024-05-07,58.21350638517825,61.21527930280881,5596.818292504755
2024-05-08,56.427228206527545,59.42719923271023,5600.381163301455
2024-05-09,57.24352414970995,60.349843069884685,5653.968293608337
2024-05-10,58.490098679936054,61.64997763789014,5684.056807986496
2024-05-13,58.12257306619043,61.17227629592695,5706.307067833652
2024-05-14,59.198615209270855,62.1706563797742,5740.134172932393
2024-05-15,59.328330774127465,62.246523038870116,5756.512248724826
2024-05-16,61.78410024815379,64.64835995159955,5765.456015910573
2024-05-17,62.7632174890496,65.63632622170343,5845.341724443836
2024-05-20,63.1027989545941,66.04088594911487,5869.774033186669
2024-05-21,63.51202893859782,66.56438599661934,5912.326511769856
2024-05-22,66.06046683869815,69.14790719207703,5930.473178970108
2024-05-23,69.54888203142654,72.6100448097198,6052.730679141516
2024-05-24,68.80473912112562,71.70948771657969,6050.560080419275
2024-05-27,68.85816785635541,71.78342115997924,6093.819292055832
2024-05-28,71.64486680400232,74.58642412401304,6155.553774127615
2024-05-29,71.95454970798835,74.92449460868187,6203.058492031144
2024-05-30,69.69558521541647,72.84693099290544,6327.788729045158
2024-05-31,70.58776190428414,73.84581503214389,6366.867807217808
2024-06-03,72.22641730777633,75.55153371526029,6397.184928971084
2024-06-04,74.03879548536636,77.28919223022008,6414.828540807412
2024-06-05,74.80425043701231,78.01809569958468,6531.244610665051
2024-06-06,75.45936771946268,78.67121005560358,6506.778105593233
2024-06-07,75.8200390494251,78.97549354556097,6546.869408770479
2024-06-10,77.2757456145923,80.47857363784289,6637.308634763277
2024-06-11,76.27645384134473,79.51374973183506,6642.583483346036
2024-06-12,76.46305622392407,79.61816861425531,6708.200521590681
2024-06-13,77.24252942021124,80.50073377556024,6696.313438186834
2024-06-14,76.04752190378233,79.31816495517556,6707.590603903447
2024-06-17,74.60113047983505,77.7373285479471,6713.215397917057
2024-06-18,75.17573397536822,78.31573867276931,6685.291367009188
2024-06-19,77.28405970319686,80.45436077614976,6740.263701264076
2024-06-20,77.86809385417203,81.12310928385119,6791.551080200146
2024-06-21,75.65746532814892,78.88983218268758,6776.343651313741
2024-06-24,74.98088163659274,78.28451254689102,6749.231433846507
2024-06-25,74.90332788327844,78.22482122520938,6715.11526750278
2024-06-26,77.38784727918978,80.60649145213979,6753.235014722513
2024-06-27,76.42291757179858,79.53378907768149,6769.371978223896
2024-06-28,76.13800200023877,79.34735215055714,6753.826733741598
2024-07-01,77.01315531080404,80.3239036908834,6760.2355277902225
2024-07-02,73.62582736914783,76.96508603625719,6727.15684981675
2024-07-03,72.93798626543956,76.39872371023004,6750.808841876531
2024-07-04,74.89413787803348,78.43758198740358,6629.3333816447075
2024-07-05,74.41421612758111,78.00804721202849,6719.101764016125
2024-07-08,72.38523773928647,75.90034897210172,6765.2140664794815
2024-07-09,72.42729770842249,76.07746990433587,6644.808568467904
2024-07-10,72.05015813141424,75.73572927602689,6653.255789847647
2024-07-11,73.27936902827811,76.92550593658345,6645.84267802673
2024-07-12,73.59850048566337,77.18379168629512,6622.468336461308
2024-07-15,72.56124033561193,76.16151550274584,6640.403593736071
2024-07-16,73.33608546852699,76.7966676538598,6624.60479280051
2024-07-17,72.58651081749456,76.10124939929561,6614.581567491477
2024-07-18,71.19137809848851,74.62638885766002,6611.652763945377
2024-07-19,71.7247020778568,75.18831116295911,6576.337465643645
2024-07-22,71.93616632537324,75.35613751093382,6656.658123460327
2024-07-23,70.96985041293276,74.36806896590855,6568.09185519156
2024-07-24,69.91951723694359,73.2572364435089,6556.281104152194
2024-07-25,70.62988585367457,73.95657512954845,6490.930185568495
2024-07-26,69.75146048471848,73.23149944599754,6500.826702047091
2024-07-29,69.68614754136325,73.27459010396782,6529.731405997799
2024-07-30,68.91369171680063,72.52483931892671,6442.970618140021
2024-07-31,67.78357774431078,71.38636737712787,6397.239396635066
2024-08-01,66.68599342200619,70.3502354610942,6431.4109270292
2024-08-02,62.77725853911918,66.52397094856316,6420.304652342614
2024-08-05,61.9670945098237,65.63702007640777,6335.569654117211
2024-08-06,60.39217741547248,64.04781010564844,6272.1112215076855
2024-08-07,60.440325614641196,63.942532665746434,6185.543295520627
2024-08-08,59.2804964172581,62.86948542565105,6185.091111790067
2024-08-09,59.98491756796907,63.7334388467263,6140.47867991786
2024-08-12,61.52503105525122,65.26950330561557,6039.090438093329
2024-08-13,60.99064333334704,64.55478060620823,6068.1967083101235
2024-08-14,60.84932483510724,64.45724923110875,6022.957455971394
2024-08-15,61.652583835348864,65.1819433661784,6004.627840846564
2024-08-16,60.99823774338466,64.47064853295616,5980.749086074363
2024-08-19,61.041871247283865,64.5622358243515,5976.791348686397
2024-08-20,62.931715380310486,66.4688333501071,5986.301096193365
2024-08-21,62.191398916801475,65.6853546454771,6003.7515315868395
2024-08-22,62.633149267038455,66.0723178732457,5956.059391424525
2024-08-23,64.38072087485767,67.82878130729635,5984.960181138576
2024-08-26,63.82592999309756,67.23979136836209,6013.653714596671
2024-08-27,65.2652086085702,68.58991517188856,6049.357666747704
2024-08-28,65.19050586732806,68.49086617922859,6083.012444592461
2024-08-29,64.59573296108512,67.92624987348906,6095.832999145017
2024-08-30,63.331103660446395,66.64945678813264,6126.568633087384
2024-09-02,63.681163253680104,66.8888850996759,6139.550897397342
2024-09-03,63.04812134869739,66.34073670902336,6089.48147788946
2024-09-04,63.73942865757512,66.81616064213584,6122.552916464993
2024-09-05,63.75297880289107,66.8036996155127,6099.781641765473
2024-09-06,63.984122289412724,66.99570560129139,6111.578774512069
2024-09-09,63.76340742208755,66.79849754483958,6121.747272689195
2024-09-10,63.95696339135753,67.04793375505122,6022.566396867624
2024-09-11,64.63609292546178,67.82647536290554,6161.202744369409
2024-09-12,66.48978924057675,69.62946781502902,6125.093744345533
2024-09-13,63.28650777771144,66.48092258191681,6095.807157109913
2024-09-16,65.24226851642511,68.45851634753485,6165.741927106906
2024-09-17,66.0807325053084,69.16556975147019,6124.811698969643
2024-09-18,66.20382064629959,69.45015599551125,6150.360759192386
2024-09-19,67.07896046900834,70.21480374756443,6152.9188243351755
2024-09-20,69.69265409811776,72.86998186010194,6236.5742972594135
2024-09-23,70.92325230757498,74.13845703223546,6231.379253531686
2024-09-24,73.00375709561645,76.24655662112345,6285.83141458291
2024-09-25,73.42636323635607,76.63431262552493,6358.581282290038
2024-09-26,75.89212460576317,79.1720157253482,6392.914219316625
2024-09-27,75.49978955793941,78.65845454602145,6440.233509930171
2024-09-30,75.62590788944418,78.78654662478984,6524.465559177078
2024-10-01,73.69331517089991,76.81602477006099,6601.963176814659
2024-10-02,74.98240311438013,78.05924759020102,6588.95283207631
2024-10-03,77.15361433908541,80.27445330362796,6636.2740582821325
2024-10-04,75.75601228231406,78.97142436133791,6669.615165067786
2024-10-07,75.88475672177144,79.07824597747762,6725.956480776666
2024-10-08,76.5590558693737,79.82119493460276,6693.486700953464
2024-10-09,76.61610034443139,79.88635449093914,6719.0769325937
2024-10-10,75.47925833863611,78.6819862840096,6682.653113881923
2024-10-11,76.40669612608968,79.59470606564268,6697.033161525246
2024-10-14,76.82195969715703,79.9923704672601,6721.250137008946
2024-10-15,79.54657949703754,82.6681451510371,6764.273237319537
2024-10-16,83.73833087978934,86.90252819846137,6860.211838738548
2024-10-17,85.20173376383278,88.39177685796102,6869.12991990428
2024-10-18,85.05780766353406,88.12689748897691,6877.104954503708
2024-10-21,84.08840708531098,87.03530213637139,6923.6553882563985
2024-10-22,83.4791911369115,86.47365409269656,7017.021021860732
2024-10-23,84.01436990427356,86.95577605708151,7047.210246484293
2024-10-24,85.43128493055458,88.41061219118632,7067.238680855176
2024-10-25,84.3931707345196,87.44759270358112,7094.906286936413
2024-10-28,83.73619775477947,86.6993108377767,7174.6816423971
2024-10-29,82.26120217812908,85.1244988882703,7126.95008830571
2024-10-30,82.76601272464183,85.77936506807043,7160.7215438147605
2024-10-31,81.92445572096231,84.97753315672506,7196.496557604948
2024-11-01,84.39506753552232,87.4250133956783,7133.8517815802015
2024-11-04,83.52232605348682,86.48865830162644,7103.0342639363635
2024-11-05,83.177045492738,86.11555250552085,7134.960560253073
2024-11-06,85.02790787505742,87.88501389056772,7114.723573325278
2024-11-07,85.45632222583897,88.40038803481121,7088.321829962203
2024-11-08,85.6905758070107,88.58617954942527,7154.027079670274
2024-11-11,89.13644887061172,92.13466726781114,7194.456605760939
2024-11-12,91.84251742522923,94.82073895693108,7204.139396178331
2024-11-13,92.01799906332951,94.92540593439091,7249.956664950166
2024-11-14,94.32908270052508,97.21716323841353,7296.711804585577
2024-11-15,95.5679283488707,98.26143312842238,7377.09638972796
2024-11-18,97.0042964629631,99.70933461299431,7433.8632703497115
2024-11-19,97.76975766744387,100.48203513768374,7495.276864005336
2024-11-20,97.92857298837902,100.72746155423553,7650.302507090927
2024-11-21,99.49311660882505,102.1591341234672,7679.049153509065
2024-11-22,98.09458127679531,100.87556757486728,7746.675405576792
2024-11-25,101.23530417024969,104.10050882297931,7819.052655194477
2024-11-26,100.87081780968091,103.85222980792453,7862.900756716455
2024-11-27,100.96388266014786,103.95363458836384,7872.881388986858
2024-11-28,103.877308751189,106.96047986828673,7945.490113708572
2024-11-29,105.22472997156456,108.19970643235679,7980.184263922572
2024-12-02,107.63395648226194,110.67872745444677,8060.226057522939
2024-12-03,108.11596452160558,111.10969934365687,8112.734480282992
2024-12-04,104.45890000763367,107.33271063842959,8123.731171613611
2024-12-05,106.06946253253061,108.8691276029495,8127.807379146675
2024-12-06,107.00599049497829,109.82410810437496,8222.833546701911
2024-12-09,105.9917462250094,108.76137636946676,8235.65247726312
2024-12-10,107.68637449405436,110.50500161671367,8214.571214249247
2024-12-11,107.12523133329286,109.81664063787206,8324.67295575111
2024-12-12,105.82614226975296,108.36864149170552,8347.270615291172
2024-12-13,104.89307073973148,107.57108597975696,8395.938682716216
2024-12-16,104.1740110420908,106.94598983526761,8279.391602475851
2024-12-17,104.33152001564227,107.03839569815068,8253.265202689177
2024-12-18,100.77602218401198,103.50345162456749,8214.458280558967
2024-12-19,99.1639395603677,101.99310668252265,8221.991471663472
2024-12-20,99.3558599413309,102.23568809848446,8182.089557793912
2024-12-23,98.52428922597585,101.43158038610947,8110.75648965915
2024-12-24,100.05880903299011,103.06849378482474,8092.628533165135
2024-12-25,99.91307448025891,102.87601169152241,7998.210670626041
2024-12-26,98.59810916375915,101.5766525345779,8056.261805055821
2024-12-27,96.57146054816349,99.56121972679429,7960.040282418335
2024-12-30,94.80374884563341,97.7839942850916,7935.667931802455
2024-12-31,93.12740065198794,96.08905428734873,7834.573043875653
2025-01-01,93.06102000789942,96.04165349322565,7822.2757212206825
2025-01-02,95.70291065033693,98.69887773078223,7814.572478999461
2025-01-03,95.01661855413174,97.94083241076092,7800.5217838883245
2025-01-06,96.36946808289026,99.3720991966126,7805.058586525749
2025-01-07,98.05090730441061,100.98734866809998,7824.012091906366
2025-01-08,95.69732399031466,98.63021343752956,7779.775867722237
2025-01-09,95.9735430573722,98.89682338335305,7772.834956465535
2025-01-10,96.84781341478535,99.81404361999952,7789.152665483796
2025-01-13,98.903606773459,101.71332175729937,7782.588187922351
2025-01-14,95.96025404898303,98.85895036850253,7778.228346105496
2025-01-15,93.41077628156584,96.27035248369079,7811.971757988495
2025-01-16,92.27029378006766,95.24367975971103,7795.823768237489
2025-01-17,93.41168423186684,96.35961543815961,7774.358879735643
2025-01-20,95.42775510431123,98.3853408875565,7703.996761766697
2025-01-21,96.6199895845112,99.74395067746458,7716.525775910674
2025-01-22,95.30551137754762,98.4155665810089,7732.953109784002
2025-01-23,95.01919671956622,98.23705825769756,7762.146720453577
2025-01-24,98.47261270967249,101.69906200850504,7747.206615615789
2025-01-27,99.16323557018646,102.42812489647751,7786.854421095207
2025-01-28,102.1263143934875,105.40085372714273,7826.757096230967
2025-01-29,100.65715487278281,104.0032861565324,7863.75363314138
2025-01-30,99.78297957905887,103.07588439526772,7905.086641387686
2025-01-31,103.21861290777771,106.43600669765877,7886.964535526553
2025-02-03,104.01259759483153,107.18438347578599,7981.183575645529
2025-02-04,104.93751666869764,108.12412580332939,7990.141224595113
2025-02-05,110.43215137705135,113.60749673480012,8035.651152502349
2025-02-06,104.66347028602664,107.90237727316064,8130.166123150254
2025-02-07,101.55851029089456,104.90662860440027,8199.51022362582
2025-02-10,101.68012370524686,104.9517314023686,8184.536565060826
2025-02-11,101.90966792027072,105.12641148314968,8233.972299637064
2025-02-12,103.80317501078846,106.91051711331603,8189.042406829486
2025-02-13,106.41706269782897,109.69561437654144,8298.302757468617
2025-02-14,105.6616829392713,108.96825162755215,8236.920070740096
2025-02-17,101.75408071745791,105.10183653069446,8220.92973371854
2025-02-18,105.73644337140786,108.97854983944482,8182.566164642614
2025-02-19,108.92544271007644,112.17219238495174,8253.657168857391
2025-02-20,107.57238334329371,110.8644703666758,8216.101075905344
2025-02-21,106.22226612458525,109.49736992202313,8235.260795157128
2025-02-24,103.4639852957742,106.82889242927504,8308.806663519656
2025-02-25,99.89196893200571,103.44287534155296,8295.89929294777
2025-02-26,100.32431747679482,103.79493166788814,8278.67702763049
2025-02-27,96.96426829644217,100.35099708212455,8180.648390485741
2025-02-28,98.66497863918924,101.98188507605887,8154.339089385351
2025-03-03,98.38283249092606,101.83072766749092,8136.9565882377165
2025-03-04,95.28640795720197,98.81625470383226,8111.099537490296
2025-03-05,94.81175987973155,98.32686899853944,8063.223266535047
2025-03-06,93.24858253147148,96.7631631498672,7951.415095530914
2025-03-07,93.15360392622402,96.59942363597213,7934.497937929917
2025-03-10,90.64486448238729,94.16051177346242,7834.111272239348
2025-03-11,92.3334769506674,95.81526267708159,7758.936039698008
2025-03-12,91.99472603603502,95.45325206750037,7748.23035413032
2025-03-13,92.70616889120336,96.2116423234471,7753.545823419785
2025-03-14,93.55474095152032,97.04201058575008,7736.525958058904
2025-03-17,90.1070868027317,93.57294106845475,7668.250007940051
2025-03-18,92.61644633333631,96.08117098752999,7618.503508599431
2025-03-19,91.17689636667735,94.70330771434867,7592.195679415899
2025-03-20,92.94307557217645,96.59741402545633,7615.423496333958
2025-03-21,93.29022013015592,96.98376732841709,7650.812935886857
2025-03-24,94.93461035864038,98.68361627884366,7636.792769070854
2025-03-25,94.12567668505297,97.84822410268205,7648.070810272305
2025-03-26,91.92466710966751,95.58091427571424,7636.4277849752425
2025-03-27,90.23663722327765,93.93751587292178,7612.974043022806
2025-03-28,90.40073493217797,94.10628648830082,7602.694222218526
2025-03-31,88.89205108733043,92.47462580486962,7606.005521278073
2025-04-01,82.659526532279,86.21037843841796,7602.185027623355
2025-04-02,80.64188605523395,84.18158064231022,7488.116076555901
2025-04-03,80.87975870837523,84.37442582847693,7432.981634146015
2025-04-04,78.54025865378594,82.15062460784796,7328.434490797581
2025-04-07,74.9277529236418,78.57019502203414,7269.543004893678
2025-04-08,74.81852916328447,78.56355199215612,7187.045941954796
2025-04-09,74.33823667890077,78.09398284383845,7102.425488324632
2025-04-10,71.77392634076179,75.52551114766536,6966.000784131594
2025-04-11,70.8403143403155,74.50642377760313,6873.652668260035
2025-04-14,69.74803516603765,73.40711568286238,6754.087097417177
2025-04-15,68.08392840506507,71.73628082043909,6696.701096603728
2025-04-16,65.70820254358891,69.24361527577898,6612.8058027047855
2025-04-17,68.31686159958342,71.80504975222615,6540.339647815673
2025-04-18,67.84066190484674,71.30034180502888,6485.67683248075
2025-04-21,67.04986661989062,70.54083448659175,6451.780207870879
2025-04-22,65.80316649596033,69.32831333561928,6384.348344058958
2025-04-23,66.01227226856739,69.48715922447936,6340.727828543778
2025-04-24,64.95824633016949,68.46839624560745,6353.092966653294
2025-04-25,61.34376377102789,64.83604287465482,6327.321645926271
2025-04-28,60.64451022497568,63.90445135350542,6179.872902909651
2025-04-29,61.10694040745635,64.33230713957407,6140.001136765937
2025-04-30,59.29331040281951,62.61023522418509,6112.926056336321
2025-05-01,57.72948944752252,60.914362063716915,6076.986443703797
2025-05-02,58.75941174600509,61.9597534797469,6052.2868807590785
2025-05-05,57.23598497651546,60.56913735537984,5992.6990177984635
2025-05-06,58.45148016495589,61.7257889362135,5942.910570228272
2025-05-07,58.29736503073703,61.57561646529113,5909.9505872893
2025-05-08,59.10210698224543,62.27968957318467,5848.890158614526
2025-05-09,58.22687221561934,61.54130582016349,5842.1959850999565
2025-05-12,59.192927127526495,62.503261113774585,5840.113427122899
2025-05-13,58.407593367217174,61.72434748130134,5790.027380080831
2025-05-14,57.969304924121765,61.396900452023864,5793.572177467321
2025-05-15,57.63480949982168,61.11449543345835,5795.538852475446
2025-05-16,59.77545207398036,63.18269713100819,5845.861277952627
2025-05-19,60.141484586866305,63.49673005825632,5849.084521103253
2025-05-20,58.132339380944416,61.52852199255459,5856.5987538265745
2025-05-21,56.78454776380554,60.13091521266237,5791.831910513751
2025-05-22,57.54702766050246,60.725624620923945,5792.068328532607
2025-05-23,58.51538343908092,61.69636322679864,5842.915060334688
2025-05-26,58.48477785867201,61.553911239868214,5757.778560616049
2025-05-27,61.70814963326646,64.91651155331188,5867.78134633245
2025-05-28,63.54321945739989,66.771473530865,5824.47747442146
2025-05-29,65.66116193237384,68.82215437909551,5927.482701879074
2025-05-30,67.56006777660515,70.67233985675217,5925.56343530807
2025-06-02,71.20938188087514,74.17913399158783,6027.717524173526
2025-06-03,70.41868387059907,73.31338646704793,6141.947369557972
2025-06-04,72.68100182242932,75.67216919718798,6089.479309050049
2025-06-05,73.35956687467454,76.54154211982984,6245.344824279727
2025-06-06,73.53675020175612,76.78337791061267,6261.260641560184
2025-06-09,74.01968478747096,77.26355026197214,6399.891339710792
2025-06-10,71.95089798423575,75.16489074444958,6437.220990443785
2025-06-11,69.08683663241332,72.22988994473462,6474.438108763145
2025-06-12,68.50023901501592,71.81578199991476,6463.069991837831
2025-06-13,65.11908024391815,68.42205704312087,6495.179887659219
2025-06-16,66.39660442760858,69.87174230924022,6415.068926120392
2025-06-17,67.90252282424139,71.48688813019288,6474.903289284537
2025-06-18,66.73387437366868,70.17344500593394,6403.66438734336
2025-06-19,67.33590615474098,70.72101347637754,6347.924851811432
2025-06-20,65.60961533647495,68.9416458285285,6383.22171107005
2025-06-23,64.41150975339106,67.73919162155454,6291.280895392813
2025-06-24,65.2674565063648,68.59248277823427,6306.381069932593
2025-06-25,65.06013339269465,68.6271080040399,6270.277923880852
2025-06-26,66.4836004748948,69.9593876179417,6210.20107617794
2025-06-27,66.98868762684086,70.4805187504495,6238.728382651336
2025-06-30,68.27196870539598,71.8103655146938,6254.0089462119795
2025-07-01,69.25752701726425,72.7916461619256,6296.007248684432
2025-07-02,69.98754633359262,73.52645635013663,6286.309319309636
2025-07-03,70.11301273937539,73.56417074387856,6294.622894654639
2025-07-04,71.32887765866184,74.78701981859813,6315.685417459425
2025-07-07,71.57241972155963,75.06972953639178,6357.767140722916
2025-07-08,72.93295501193012,76.45355357905899,6433.538474865638
2025-07-09,74.83605079418986,78.39864747661784,6451.308218737848
2025-07-10,76.52031905243008,80.19104646643612,6494.412563386873
2025-07-11,76.70082187655785,80.43838479149686,6541.930884745404
2025-07-14,78.97969278998943,82.71283238656005,6599.069771733051
2025-07-15,79.90095539646191,83.53036013698475,6632.439997419353
2025-07-16,80.07082696581284,83.64534914214312,6702.556674554409
2025-07-17,81.2441890412033,84.79590506009026,6822.085100704387
2025-07-18,81.46643587280106,85.03378807762873,6829.347167211225
2025-07-21,82.14960771793773,85.67367273570062,6909.833452368845
2025-07-22,82.74577846497935,86.1912628762746,6872.490973258866
2025-07-23,86.23203161649676,89.58109560032352,7015.673201264019
2025-07-24,85.46358399609409,88.68208183968162,7039.594333282593
2025-07-25,85.04888250289832,88.25402935487625,7071.3463449068
2025-07-28,85.87381860195491,88.96723781300788,7122.8319848925885
2025-07-29,81.85700828757001,84.87958286755881,7110.6013517619685
2025-07-30,79.30693989618618,82.30932508894776,7057.280075955189
2025-07-31,77.75718342229507,80.66462367452249,7122.333809271147
2025-08-01,78.18945116434294,81.14204838408344,7082.693576011167
2025-08-04,77.37114949894276,80.3963866471795,7039.381900975921
2025-08-05,74.08884612146419,77.0813719936718,6973.563066563798
2025-08-06,70.8941826330008,73.86397054443337,6877.794071376232
2025-08-07,73.11598905054126,76.14167770624198,6859.0637139602595
2025-08-08,73.40062737908251,76.38042576733343,6834.6939163565885
2025-08-11,74.96897012637619,77.89875585005181,6738.487874217848
2025-08-12,74.75170609143971,77.79131812165997,6658.93259104424
2025-08-13,73.53331909033936,76.65447777875002,6672.415278645797
2025-08-14,71.55402383715865,74.73167176510451,6633.9871235984065
2025-08-15,70.29964983775947,73.55801989757849,6618.559980223189
2025-08-18,71.13186451816364,74.23630117815868,6579.496594656915
2025-08-19,69.6520732172376,72.87368362117626,6463.447214257041
2025-08-20,67.59072649279209,70.84905355393927,6540.0498321495625
2025-08-21,66.99899248269111,70.34243224272434,6469.434173445253
2025-08-22,65.37688439017377,68.75299389973532,6418.928005565528
2025-08-25,65.83786523933544,69.21860544958456,6405.439913365217
2025-08-26,63.52603884934591,66.88533211629858,6363.714848341782
2025-08-27,65.07930173381698,68.46918775291196,6269.073807347298
2025-08-28,65.96595160908488,69.33120121489466,6299.968126661511
2025-08-29,67.3453204147743,70.781042620415,6286.886165217082
2025-09-01,65.17374947556337,68.48148348347067,6238.842171699192
2025-09-02,64.6098713366716,67.87704725539814,6189.997248620057
2025-09-03,66.91259454503592,70.34734104607878,6184.608572237775
2025-09-04,64.58540587232704,67.96902354125284,6221.956027190501
2025-09-05,66.27308594976387,69.63810039077681,6163.668009533157
2025-09-08,67.35922528022085,70.6546828133354,6235.094914689688
2025-09-09,71.9123407825068,75.23780224345877,6248.183107028415
2025-09-10,72.427970362615,75.69676678852704,6287.679410705977
2025-09-11,74.51305951735212,77.77094317570223,6290.924727048745
2025-09-12,76.28844574914054,79.61850222062296,6376.648088240353
2025-09-15,80.39809358562543,83.6743472894582,6475.65486823652
2025-09-16,79.98617672946092,83.32923171171991,6505.599968504218
2025-09-17,80.99766680257427,84.40820848061033,6627.246720887177
2025-09-18,80.61682251405189,84.11144442932441,6700.810453207953
2025-09-19,81.77648496957084,85.27951150697862,6762.718557081024
2025-09-22,81.57527494079766,85.33451140824134,6880.345638147499
2025-09-23,81.74074440575957,85.57356647490332,6850.046885969087
2025-09-24,80.30267794222547,84.14850555924745,6964.744492196165
2025-09-25,77.32795218003041,81.09033101541519,7017.614689993751
2025-09-26,79.26041694097084,83.00415968122415,7030.40626368558
2025-09-29,78.98072884560538,82.8282654618031,6996.614773180975
2025-09-30,78.02305353726227,81.99392682422415,6970.321864908918
2025-10-01,74.63466922235017,78.70668263873841,6931.270771713817
2025-10-02,75.95694892520014,80.07161732363511,6919.434161321712
2025-10-03,76.49989828901549,80.49267381899377,6917.824699440867
2025-10-06,73.3886130648051,77.40257827431007,6839.196933938893
2025-10-07,71.47254976832185,75.36878383129743,6828.6414541497015
2025-10-08,72.82888972755268,76.59123907316854,6826.269380538553
2025-10-09,73.93780552335531,77.70841708336887,6749.1689199538805
2025-10-10,74.94774226597364,78.74909143496838,6692.416642083089
2025-10-13,77.16618500574603,81.02776386754938,6683.0472512931665
2025-10-14,77.41534403744917,81.30284643262932,6736.43794067117
2025-10-15,77.45558558883917,81.37098979102333,6727.894748404281
2025-10-16,81.64239998672461,85.46356985604386,6781.38623290272
2025-10-17,80.11332023987555,83.91345687834044,6761.101389041861
2025-10-20,78.27310211554294,81.94066531200313,6821.873652372081
2025-10-21,77.01185409330718,80.51112086352154,6821.837967597278
2025-10-22,78.36722450211651,81.9227646860119,6833.943879850577
2025-10-23,76.18614382658053,79.67676785345577,6853.303850449709
2025-10-24,74.95543377258767,78.5131389588281,6830.219003934806
2025-10-27,76.13942057613994,79.78106241302356,6911.125546778356
2025-10-28,76.6450525784747,80.22989977428196,6848.315708172189
2025-10-29,74.3944229392268,78.02094960672426,6851.064463886837
2025-10-30,75.11999821321618,78.68683654239962,6783.429232843991
2025-10-31,73.8651961758231,77.2793590451609,6734.895490810229
2025-11-03,73.61350951204962,77.03711224766268,6731.421285159005
2025-11-04,72.49774279142387,75.88296753459129,6743.106415168695
2025-11-05,69.3120568106875,72.6625176907129,6651.251777198996
2025-11-06,67.252401748214,70.76237625126629,6595.495751642879
2025-11-07,69.52233606407282,72.90694277341493,6593.3383026371885
2025-11-10,70.1961256096544,73.61182380854596,6570.084643715186
2025-11-11,68.79545371704731,72.13109639100055,6557.477108528243
2025-11-12,67.43731004091471,70.84754434739074,6486.3390103712445
2025-11-13,65.79970764501627,69.23350942119203,6444.322298132705
2025-11-14,66.3093237800582,69.77245905088313,6406.909067765411
2025-11-17,64.88228763564484,68.26793767893685,6313.442319136532
2025-11-18,66.47335323440757,69.79818674333774,6286.574260820029
2025-11-19,64.4504047585291,67.85167330277905,6258.495206392944
2025-11-20,64.14229687636367,67.68519118202433,6236.2558046766135
2025-11-21,62.45093830101154,66.0279704028803,6253.544915618358
2025-11-24,62.366361554355294,65.86628903550628,6200.412435089817
2025-11-25,59.81540171641948,63.3394464549329,6149.230910674524
2025-11-26,60.90877458753441,64.62329574743944,6051.32901156336
2025-11-27,62.27049162760097,65.98377097756635,6147.894168995944
2025-11-28,61.667700630584314,65.48852886880223,6053.636228247579
2025-12-01,60.03106701466276,63.78004405646704,6101.581264934916
2025-12-02,61.03571776642167,64.77085861284091,5990.705217452041
2025-12-03,61.70886264331319,65.4835144808299,5993.717373168779
2025-12-04,60.78667969812031,64.58187824517255,5944.19586676837
2025-12-05,61.80061336511013,65.5226448613419,6003.07987767318
2025-12-08,61.36452994160723,65.0121390963816,5963.546834670261
2025-12-09,60.72626897820133,64.44551261058069,5969.980065320644
2025-12-10,60.51940521134139,64.32439559976137,5961.243193433792
2025-12-11,60.05727382376199,63.97108598517913,6002.237451597515
2025-12-12,60.354415411758104,64.39712764699296,5994.939765808001
2025-12-15,62.42898208608099,66.46318250916461,6035.381754187631
2025-12-16,58.10103124353297,62.09130971438555,5961.549745572841
2025-12-17,57.28223296535503,61.36288235718431,5961.6226236664525
2025-12-18,57.247868507722956,61.365143960345485,5908.963846007788
2025-12-19,55.42115962382109,59.43832039217153,5899.878365709605
2025-12-22,56.82909919784895,60.745054289907365,5873.2785331415
2025-12-23,57.797637447175646,61.73746830258082,5882.246948482713
2025-12-24,57.07396621801796,60.98342017484226,5877.691148870241
2025-12-25,57.792126614980326,61.684182556720636,5865.083168580916
2025-12-26,56.306077799840686,60.269174732505604,5800.727011668491
2025-12-29,55.335426895729285,59.34235389201306,5806.227860441761
2025-12-30,57.05505780327186,61.1501668495406,5777.192821175016
2025-12-31,55.942085861872094,59.8618187482429,5762.874048240106
2026-01-01,56.760061277394016,60.68447401055139,5750.465195968314
2026-01-02,54.14209972882105,58.10635516177548,5746.946302674915
2026-01-05,56.10838241648399,59.933583317914774,5795.7178910327575
2026-01-06,57.232120186050985,60.99217340913405,5758.782760695268
2026-01-07,56.56043372794141,60.242446541345664,5751.851962306771
2026-01-08,55.97722323082721,59.65251151351413,5731.200296634849
2026-01-09,53.037939891912956,56.83519784361479,5775.227223519078
2026-01-12,54.01107290947272,57.9582202749967,5741.853057058786
2026-01-13,53.09797292585085,56.963562866163244,5673.742257707177
2026-01-14,51.43844940870618,55.33219623084869,5660.277588101236
2026-01-15,51.64965541397286,55.57329365962248,5634.931818035375
2026-01-16,51.85769972090836,55.79663888090967,5630.976585704869
2026-01-19,52.24595838943936,56.20064774541977,5592.451734839745
2026-01-20,53.198447156742,57.1607952322391,5597.965576750232
2026-01-21,52.88168237043917,56.96216561333588,5603.370395751865
2026-01-22,52.382231046126414,56.53049711288566,5525.50710721418
2026-01-23,52.679087504810155,56.720093277758764,5529.029380048566
2026-01-26,52.960516536196614,57.04594982242721,5538.599773340996
2026-01-27,54.734198313264784,58.87045847086938,5549.5781688908855
2026-01-28,53.30246882778705,57.44183856363565,5614.845984703011
2026-01-29,54.10556536839285,58.31326796180621,5607.015248195904
2026-01-30,56.165853220789,60.36437065914389,5629.6974226072525
2026-02-02,54.689870230314405,58.88046956320474,5616.573334170256
2026-02-03,57.27075566387601,61.447336260353794,5638.4583195525
2026-02-04,56.33343889701191,60.32526254873139,5629.619785948553
2026-02-05,56.517898095959175,60.4855351666146,5700.9435768725325
2026-02-06,55.743243400469574,59.64039131304897,5709.628867020304
2026-02-09,54.828457708777385,58.615775345723996,5735.995723084664
2026-02-10,54.179085783819176,58.06950535443655,5697.645533832712
2026-02-11,51.73446807654573,55.65051166152734,5689.863235663009
2026-02-12,53.22125761522938,57.11943340618598,5690.720222211436
2026-02-13,53.79630969548491,57.634355944624616,5692.820748853784
2026-02-16,53.50903279474267,57.35763122317849,5631.311078176481
2026-02-17,55.034497103547515,58.94895246659566,5668.205253650812
2026-02-18,56.35896684222615,60.191831276899094,5650.405105581564
2026-02-19,57.353182369177354,61.17267460102798,5630.51572624685
2026-02-20,57.71417238985221,61.590525174655404,5617.418212356465
2026-02-23,56.909696850687936,60.61687896162031,5672.0135350110395
2026-02-24,56.19195708261543,59.8853181492274,5717.520856556971
2026-02-25,55.22126137547392,58.87147830044373,5739.629469098134
2026-02-26,52.744282275985576,56.37628630458589,5705.651961579005
2026-02-27,53.18564084562587,56.770554468858414,5737.717166397506
2026-03-02,54.29337671440008,57.88375289735224,5694.809595250648
2026-03-03,54.58420483380674,58.322759908904146,5714.221818345069
2026-03-04,52.76886755257268,56.47135217750288,5662.82994045447
2026-03-05,52.532104268080616,56.24885123499044,5635.709848951435
2026-03-06,55.8870361222585,59.75386039363376,5622.456225059426
2026-03-09,56.657921877330544,60.46674017429474,5590.489574438677
2026-03-10,57.65177403776156,61.59350181373115,5674.945110664574
2026-03-11,56.994964668782096,60.92086645200276,5642.071676282824
2026-03-12,60.23623129010013,64.28890771789337,5679.679764710767
2026-03-13,59.41322723489434,63.50633945984949,5706.091748821918
2026-03-16,59.661756236084464,63.758643763297556,5759.1459784415065
2026-03-17,62.47255842410948,66.54328887095525,5847.78455454969
2026-03-18,65.02653093999179,69.02721615824184,5921.630941308687
2026-03-19,64.11597887813636,68.10470686383607,5894.989822542605
2026-03-20,62.264523622665855,66.30737868551617,5960.205532113723
2026-03-23,61.559689063237975,65.58220955972305,5970.599056171752
2026-03-24,61.21253079884911,65.19104585603468,6037.984007139304
2026-03-25,60.277041859433815,64.2181388621696,6038.355710806842
2026-03-26,59.036198611966455,63.04046083370681,6009.575119648964
2026-03-27,59.84034697281862,63.92449424431476,6028.851397205715
2026-03-30,59.40356716903303,63.41381798128281,6013.793131452055
2026-03-31,60.981621472822475,64.92007773210896,6055.66601957773
2026-04-01,60.04496225896546,63.99761354404672,6003.633867360723
2026-04-02,61.7610135832941,65.8192878950035,5994.600856375595
2026-04-03,61.93343724197718,66.0636425490003,5913.544600003094
2026-04-06,61.82581787418463,65.83396884502267,5977.0271945924815
2026-04-07,60.918268739900874,64.88704910401442,6026.8412313271
2026-04-08,59.75867638190346,63.63594505071845,6005.681745414204
2026-04-09,61.347586850663234,65.18913645766055,5941.002007694826
2026-04-10,61.866214556401964,65.82287047487219,5987.628994546976
2026-04-13,61.97170550991824,65.7978536989317,5978.732627726065
2026-04-14,60.72235735055059,64.40621187043124,6046.019962149091
2026-04-15,60.70794810271813,64.31700265472767,6012.45830349029
2026-04-16,59.19666073532678,62.82242849898212,5972.526426718368
2026-04-17,57.626876919790945,61.295532036187886,5966.81955212789
2026-04-20,58.15715796498778,61.85274930268174,5883.1907691469105
2026-04-21,61.36400171707466,65.14478014689627,5920.735958865381
2026-04-22,60.89619991835047,64.52450814773873,5952.0547772515
2026-04-23,58.80382009858742,62.52034600416275,5957.322315002244
2026-04-24,61.67311859732712,65.35518110013147,5888.708763933316
2026-04-27,62.96386593298437,66.69598610548898,5930.432715168071
2026-04-28,65.03840363281985,68.65468616600828,5985.771220640943
2026-04-29,63.63918097420985,67.24937156716335,5942.318477266302
2026-04-30,62.908929317003754,66.53171585381577,6001.904180159128
2026-05-01,64.6541191144095,68.36268213811702,6034.936793591323
2026-05-04,64.7972738446472,68.36975960783487,6109.014108680871
2026-05-05,64.47474354804619,68.04451494222103,6076.963365482647
2026-05-06,62.49948983286277,65.97734926192099,6085.975830986848
2026-05-07,62.60236947943554,66.11833280915867,6129.853211488163
2026-05-08,62.17156304747526,65.74622480022319,6078.584099555308
2026-05-11,59.80350672789321,63.47590224745935,6088.7907399351325
2026-05-12,58.89792813258848,62.519349430222974,6051.057269244948
2026-05-13,55.881753954733746,59.5707107322943,6018.628119904442
2026-05-14,54.37674093282259,58.165901134054494,5998.536967930362
2026-05-15,53.734696227991876,57.38072186559839,5933.9745936390755
2026-05-18,52.737089345671826,56.42472180775802,5840.873258787199
2026-05-19,51.94917077811563,55.70485516664164,5797.090648960593
2026-05-20,50.290329054998416,54.014644800957655,5765.566935747177
2026-05-21,48.662749502160054,52.280473889538506,5640.253002469307
2026-05-22,47.81649074723045,51.50311986347633,5587.871121609421
2026-05-25,47.26209164411081,50.844161180664685,5514.3427109523
2026-05-26,48.46591121353867,52.028250549235054,5462.39633965127
2026-05-27,47.70970979483542,51.263969025836644,5385.001903506579
2026-05-28,49.00249474160124,52.60936923980875,5421.738308039792
2026-05-29,47.64463853843439,51.195176276934674,5342.386197953577
2026-06-01,47.386690076279585,50.87794498751863,5351.869928447177
2026-06-02,46.744233902861566,50.24066440506449,5288.257935610973
2026-06-03,47.599653984610526,51.17370280995694,5273.358939431504
2026-06-04,47.698737141349675,51.45056050198795,5307.88048279812
2026-06-05,47.41151566803708,51.03218583187391,5300.776998045069
2026-06-08,46.977758591683,50.61703601202765,5283.005753410834
2026-06-09,44.677801850874395,48.22297814650996,5274.721754527554
2026-06-10,45.0762720736557,48.69859797987874,5239.24858786197
2026-06-11,46.5951433347184,50.13571589997001,5232.198724202957
2026-06-12,46.10639027002595,49.58877380086542,5210.152506504603
2026-06-15,45.60320784608576,49.035978202274926,5233.206881076755
2026-06-16,45.68484813246291,49.11053946286882,5193.997250604919
2026-06-17,45.359910643830446,48.81068704207288,5226.961053355675
2026-06-18,43.886648250044665,47.3745974678285,5168.251877945319
2026-06-19,42.04192168741519,45.52677102497089,5146.436652315431
2026-06-22,42.17304515319015,45.548957728823936,5135.062741074364
2026-06-23,40.79560368254282,44.2304617729324,5099.144651864001
2026-06-24,41.96632323311321,45.39589888769806,5075.340733231497
2026-06-25,41.72145230484174,45.243079472990225,5055.216622342504
2026-06-26,40.43394049920333,43.89529974994897,5044.035559386936
2026-06-29,41.1598122362118,44.49114873124699,4989.048592406516
2026-06-30,39.97390874174697,43.30458306171645,4969.455479797983
2026-07-01,40.654288198888125,44.090718504321266,4947.500006663184
2026-07-02,41.2200287628019,44.66824153000133,4950.2117836481675
2026-07-03,42.33111856395961,45.76191136420923,4932.409561528434
2026-07-06,42.912635923682195,46.272877178511735,4973.88264477893
2026-07-07,42.61591896252823,46.11797429704734,4944.931072744422
2026-07-08,42.49440899241633,45.91103445930909,4946.014913738143
2026-07-09,42.21210327769062,45.57019843996634,4949.043372859128
2026-07-10,43.71114385280733,47.1160988959015,4943.094499052889
2026-07-13,44.85340075724502,48.10972549385542,4967.492982144543
2026-07-14,45.71241896660545,49.07502121434804,5007.686292514821
2026-07-15,46.514257323497674,49.92791695294538,5071.786077240492
2026-07-16,46.03019152181994,49.5153798481291,5073.509495135362
2026-07-17,48.21722216777511,51.744504205250976,5095.553456410396
2026-07-20,46.97618507848318,50.486758773438254,5152.631355042028
2026-07-21,49.35627869799335,52.778483285287344,5194.317886807328
2026-07-22,48.89389227338048,52.30422468775765,5221.79274034192
2026-07-23,48.90151298790976,52.23351652491541,5212.680748767935
2026-07-24,51.288874345043595,54.66181020074519,5259.528211812635
2026-07-27,51.62738593148734,55.06567609796173,5344.82139573501
2026-07-28,52.919712654977076,56.47499880695309,5350.156969389379
2026-07-29,53.21332585216053,56.793694830821494,5375.126136012247
2026-07-30,53.426468696861555,57.0753926346903,5435.974893242973
2026-07-31,55.690316730745685,59.30800137146116,5481.930849150735
2026-08-03,56.419593041243154,59.992484971696506,5497.020948405378
2026-08-04,56.886653635053115,60.49225255885821,5554.803496054303
2026-08-05,57.39387442891207,60.962387555185664,5615.922276276021
2026-08-06,59.506062545648184,63.09105514123978,5625.70226560445
2026-08-07,60.16629384049278,63.66084128306979,5699.249941129771
2026-08-10,58.97316715050195,62.39434795520355,5711.698688091723
2026-08-11,59.92023990880546,63.39161803344748,5750.709158605255
2026-08-12,61.316966208711214,64.85713819564646,5802.469474335214
2026-08-13,63.05726514093441,66.51437947474426,5876.095781856184
2026-08-14,64.68890696076514,68.19795700940121,5903.75305343093
2026-08-17,66.88248761188916,70.34564730522332,5950.007284787141
2026-08-18,68.39731646687946,71.85990178350963,6026.136952697832
2026-08-19,70.77190287600195,74.34596618639645,6066.883546902602
2026-08-20,72.02961578711543,75.66305617691995,6171.121903583849
2026-08-21,72.7491400633084,76.43924700046055,6255.525630150478
2026-08-24,74.3424973912189,78.17660434893304,6307.832767850973
2026-08-25,74.63338016283774,78.39815356453647,6383.087431019069
2026-08-26,75.26159724279084,78.93655744443922,6471.506398171441
2026-08-27,74.50887665901855,78.11781827299919,6469.578267905756
